700	0	-3.04	2.96	2.96
700.1	0	2.66	2.96	3.06
700.2	0	2.76	3.06	3.06
700.3	0	2.76	-3.04	-3.04
700.4	0	2.76	-3.04	-3.04
700.5	0	2.76	-3.04	-3.04
700.6	0	2.86	-3.04	-3.04
700.7	0	2.86	-2.94	-2.94
700.8	0	-3.04	-2.94	-2.94
700.9	0	-2.84	-3.04	-3.04
701	0	2.96	-3.04	-3.04
701.1	0	2.96	-2.84	-2.84
701.2	0	2.96	-2.84	-2.84
701.3	0	-2.84	-2.94	-2.84
701.4	0	3.06	-2.94	-2.94
701.5	0	-2.64	-2.74	-2.74
701.6	0	3.06	-2.74	-2.74
701.7	0	-2.54	-2.84	-2.74
701.8	0	-2.74	-2.84	-2.84
701.9	0	-2.54	-2.84	-2.64
702	0	-2.64	-2.84	-2.64
702.1	0	-3.04	-2.64	-2.64
702.2	0	-2.64	-2.74	-2.64
702.3	0	-3.04	-2.74	-2.54
702.4	0	-2.94	-2.74	-2.74
702.5	0	-2.94	-2.54	-2.54
702.6	0	-2.44	-2.64	-2.54
702.7	0	-2.94	-2.64	-2.64
702.8	0	-2.84	-2.64	-2.64
702.9	0	-2.84	-2.64	-2.44
703	0	-2.74	-2.44	-2.44
703.1	0	-2.34	-2.54	-2.54
703.2	0	-2.74	-2.54	-2.54
703.3	0	-2.74	-2.54	-2.54
703.4	0	-2.74	-2.34	-2.34
703.5	0	-2.24	-2.44	-2.44
703.6	0	-2.64	-2.44	-2.44
703.7	0	-2.64	-2.44	-2.44
703.8	0	-2.64	-2.44	-2.44
703.9	0	-2.04	-2.24	-2.34
704	0	-2.54	-2.34	-2.34
704.1	0	-2.04	-2.34	-2.34
704.2	0	-2.04	-2.34	-2.04
704.3	0	-2.44	-2.14	-2.24
704.4	0	-1.84	-2.24	-2.24
704.5	0	-1.94	-2.24	-2.24
704.6	0	-1.94	-2.24	-2.24
704.7	0	-1.84	-2.04	-2.14
704.8	0	-1.94	-2.24	-2.24
704.9	0	-2.34	-2.14	-2.14
705	0	-1.84	-2.14	-2.14
705.1	0	-2.24	-2.14	-2.14
705.2	0	-1.74	-2.14	-2.14
705.3	0	-2.24	-2.04	-2.04
705.4	0	-1.64	-2.04	-2.04
705.5	0	-1.64	-2.04	-2.04
705.6	0	-1.64	-1.84	-2.04
705.7	0	-1.64	-1.94	-1.94
705.8	0	-1.54	-1.94	-1.94
705.9	0	-1.64	-1.94	-1.94
706	0	-1.54	-1.74	-1.94
706.1	0	-1.54	-1.84	-1.84
706.2	0	-1.44	-1.84	-1.84
706.3	0	-1.44	-1.84	-1.84
706.4	0	-1.74	-1.64	-1.84
706.5	0	-1.34	-1.74	-1.74
706.6	0	-1.34	-1.74	-1.74
706.7	0	-1.34	-1.54	-1.74
706.8	0	-1.24	-1.54	-1.74
706.9	0	-1.24	-1.64	-1.64
707	0	-1.24	-1.64	-1.64
707.1	0	-1.54	-1.64	-1.54
707.2	0	-1.24	-1.54	-1.54
707.3	0	-1.14	-1.54	-1.54
707.4	0	-1.14	-1.54	-1.54
707.5	0	-1.74	-1.34	-0.94
707.6	0	-1.14	-1.24	-1.44
707.7	0	-1.04	-1.24	-1.44
707.8	0	-1.04	-1.24	-1.44
707.9	0	-1.04	-1.34	-1.34
708	0	-0.94	-1.34	-1.34
708.1	0	-0.94	-1.34	-1.34
708.2	0	-0.94	-1.34	-1.24
708.3	0	-0.84	-1.24	-1.24
708.4	0	-0.84	-1.24	-1.24
708.5	0	-0.84	-1.04	-0.64
708.6	0	-0.74	-1.14	-0.64
708.7	0	-0.74	-0.94	-0.94
708.8	0	-0.74	-1.04	-1.04
708.9	0	-0.64	-1.04	-0.64
709	0	-0.64	-0.84	-0.94
709.1	0	-0.64	-1.04	-1.04
709.2	0	-0.54	-0.94	-0.54
709.3	0	-0.54	-0.74	-0.84
709.4	0	-0.54	-0.94	-0.94
709.5	0	-0.44	-0.94	-0.44
709.6	0	-0.44	-0.64	-0.74
709.7	0	-0.44	-0.84	-0.84
709.8	0	-0.34	-0.74	-0.24
709.9	0	-0.34	-0.74	-0.24
710	0	-0.34	-0.74	-0.74
710.1	0	-0.34	-0.74	-0.34
710.2	0	-0.24	-0.64	-0.24
710.3	0	-0.24	-0.64	-0.14
710.4	0	-0.24	-0.64	-0.24
710.5	0	-0.14	-0.54	-0.04
710.6	0	-0.14	-0.44	-0.04
710.7	0	-0.14	-0.44	-0.14
710.8	0	-0.04	-0.44	-0.04
710.9	0	-0.04	-0.44	-0.04
711	0	-0.04	-0.34	0.06
711.1	0	-0.04	-0.34	-0.04
711.2	0	0.06	-0.34	-0.34
711.3	0	0.06	-0.34	0.06
711.4	0	0.06	-0.14	0.16
711.5	0	0.06	-0.24	-0.24
711.6	0	0.16	-0.24	0.16
711.7	0	0.16	-0.14	0.16
711.8	0	0.16	-0.14	0.26
711.9	0	0.16	-0.14	-0.14
712	0	0.26	-0.14	0.26
712.1	0	0.26	-0.04	0.26
712.2	0	0.26	-0.04	0.26
712.3	0	0.36	-0.04	-0.04
712.4	0	0.36	0.16	0.36
712.5	0	0.36	0.06	0.36
712.6	0	0.36	0.06	0.36
712.7	0	0.36	0.06	0.06
712.8	0	0.66	0.06	0.46
712.9	0	0.46	0.16	0.46
713	0	0.46	0.16	0.16
713.1	0	0.46	0.16	0.16
713.2	0	0.46	0.36	0.56
713.3	0	0.56	0.26	0.56
713.4	0	0.56	0.26	0.26
713.5	0	0.56	0.26	0.56
713.6	0	0.56	0.46	0.56
713.7	0	0.66	0.36	0.66
713.8	0	0.66	0.36	0.66
713.9	0	0.66	0.36	0.36
714	0	0.66	0.36	0.36
714.1	0	0.66	0.56	0.46
714.2	0	0.76	0.46	0.76
714.3	0	0.76	0.46	0.46
714.4	0	0.76	0.46	0.46
714.5	0	0.76	0.46	0.76
714.6	0	0.76	0.56	0.86
714.7	0	0.86	0.56	0.86
714.8	0	0.96	0.56	0.56
714.9	0	0.86	0.56	0.56
715	0	0.86	0.76	0.86
715.1	0	0.86	0.66	0.66
715.2	0	0.96	0.66	0.96
715.3	0	0.96	0.66	0.66
715.4	0	0.96	0.66	0.66
715.5	0	0.96	0.86	0.96
715.6	0	0.96	0.76	0.76
715.7	0	1.06	0.76	1.06
715.8	0	1.06	0.76	0.76
715.9	0	1.06	0.76	0.76
716	0	1.06	0.96	0.76
716.1	0	0.76	0.86	0.86
716.2	0	0.76	0.86	0.86
716.3	0	1.16	0.86	0.86
716.4	0	1.16	0.86	0.86
716.5	0	0.86	1.06	0.86
716.6	0	0.86	0.96	0.96
716.7	0	0.86	0.96	1.06
716.8	0	1.26	0.96	0.96
716.9	0	1.26	1.16	0.96
717	0	0.96	1.06	0.96
717.1	0	0.96	1.16	1.16
717.2	0	0.96	1.06	1.06
717.3	0	1.36	1.06	1.06
717.4	0	1.06	1.26	1.06
717.5	0	1.06	1.26	1.16
717.6	0	1.06	1.16	1.26
717.7	0	1.06	1.16	1.16
717.8	0	0.76	1.36	1.16
717.9	0	1.16	1.26	1.16
718	0	1.16	1.26	1.46
718.1	0	1.16	1.26	1.26
718.2	0	1.16	1.26	1.26
718.3	0	1.26	1.46	1.26
718.4	0	1.26	1.36	1.26
718.5	0	1.26	1.36	1.26
718.6	0	1.26	1.56	1.36
718.7	0	1.66	1.46	1.46
718.8	0	1.36	1.46	1.36
718.9	0	1.36	1.56	1.36
719	0	1.36	1.66	1.66
719.1	0	1.76	1.56	1.56
719.2	0	1.46	1.56	2.06
719.3	0	1.46	1.56	1.56
719.4	0	1.46	1.76	1.86
719.5	0	2.16	1.76	2.16
719.6	0	1.56	1.66	1.56
719.7	0	1.56	1.66	1.66
719.8	0	1.56	1.86	2.26
719.9	0	1.16	1.76	1.76
720	0	1.66	1.76	1.76
720.1	0	1.66	1.96	2.36
720.2	0	1.66	1.86	2.36
720.3	0	1.76	1.86	1.86
720.4	0	1.76	1.86	1.86
720.5	0	1.76	1.96	1.96
720.6	0	1.76	1.96	1.96
720.7	0	1.86	1.96	1.96
720.8	0	1.86	2.06	2.56
720.9	0	1.86	2.06	2.26
721	0	2.56	2.06	2.26
721.1	0	1.96	2.16	2.26
721.2	0	1.96	2.16	2.36
721.3	0	1.96	2.16	2.16
721.4	0	2.06	2.76	2.76
721.5	0	2.06	2.26	2.46
721.6	0	2.06	2.26	2.46
721.7	0	2.06	2.26	2.26
721.8	0	2.16	2.56	2.56
721.9	0	2.16	2.36	2.16
722	0	2.16	2.36	2.56
722.1	0	2.26	2.66	2.66
722.2	0	2.26	2.46	2.46
722.3	0	2.26	2.46	2.66
722.4	0	2.26	3.06	2.76
722.5	0	2.36	2.56	2.56
722.6	0	2.36	2.56	2.86
722.7	0	2.36	2.66	2.36
722.8	0	2.36	2.66	2.66
722.9	0	2.46	2.86	2.86
723	0	2.46	-3.04	2.66
723.1	0	2.46	2.76	2.96
723.2	0	2.56	2.76	2.96
723.3	0	2.56	2.76	3.06
723.4	0	2.56	-2.94	-2.94
723.5	0	2.56	2.86	2.86
723.6	0	2.66	3.06	3.06
723.7	0	2.66	2.96	-2.94
723.8	0	-3.04	2.96	-3.04
723.9	0	2.66	2.96	-2.94
724	0	2.76	2.96	-3.04
724.1	0	2.76	3.06	-3.04
724.2	0	-2.94	3.06	-3.04
724.3	0	2.76	3.06	-3.04
724.4	0	2.86	-2.94	-2.94
724.5	0	2.86	-2.94	-2.94
724.6	0	2.86	-2.94	-2.94
724.7	0	2.96	-3.04	-3.04
724.8	0	2.96	-3.04	-2.64
724.9	0	2.96	-3.04	-3.04
725	0	2.96	-3.04	-2.84
725.1	0	-2.74	-2.94	-2.84
725.2	0	3.06	-2.94	-2.94
725.3	0	-2.64	-2.94	-2.94
725.4	0	-2.64	-2.94	-2.74
725.5	0	-2.74	-2.84	-2.74
725.6	0	-2.54	-2.84	-2.84
725.7	0	-2.64	-2.84	-2.64
725.8	0	-3.04	-2.84	-2.84
725.9	0	-3.04	-2.74	-2.64
726	0	-2.44	-2.74	-2.44
726.1	0	-2.54	-2.74	-2.54
726.2	0	-2.94	-2.74	-2.74
726.3	0	-2.94	-2.54	-2.54
726.4	0	-2.34	-2.64	-2.34
726.5	0	-2.34	-2.64	-2.64
726.6	0	-2.84	-2.64	-2.64
726.7	0	-2.84	-2.64	-2.64
726.8	0	-2.24	-2.54	-2.24
726.9	0	-2.24	-2.54	-2.54
727	0	-2.74	-2.54	-2.54
727.1	0	-2.74	-2.54	-2.54
727.2	0	-2.14	-2.34	-2.34
727.3	0	-2.64	-2.44	-2.44
727.4	0	-2.64	-2.44	-2.44
727.5	0	-2.64	-2.44	-2.44
727.6	0	-2.14	-2.34	-2.44
727.7	0	-2.04	-2.34	-2.34
727.8	0	-2.54	-2.34	-2.34
727.9	0	-1.94	-2.34	-2.34
728	0	-1.94	-2.34	-2.34
728.1	0	-2.44	-2.14	-2.24
728.2	0	-2.44	-2.24	-2.24
728.3	0	-1.84	-2.24	-2.24
728.4	0	-1.84	-2.24	-2.24
728.5	0	-2.34	-2.04	-2.14
728.6	0	-1.84	-2.14	-2.14
728.7	0	-1.84	-2.14	-2.14
728.8	0	-1.74	-2.14	-2.14
728.9	0	-2.24	-2.14	-2.14
729	0	-2.24	-2.04	-2.04
729.1	0	-1.74	-2.04	-2.04
729.2	0	-1.64	-2.04	-2.04
729.3	0	-2.14	-2.04	-2.04
729.4	0	-1.54	-2.04	-2.04
729.5	0	-1.54	-1.94	-1.94
729.6	0	-1.54	-1.94	-1.94
729.7	0	-1.54	-1.94	-1.94
729.8	0	-1.54	-1.94	-1.94
729.9	0	-1.44	-1.84	-1.84
730	0	-1.44	-1.84	-1.74
730.1	0	-1.44	-1.84	-1.84
730.2	0	-1.34	-1.64	-1.74
730.3	0	-1.34	-1.74	-1.74
730.4	0	-1.84	-1.74	-1.74
730.5	0	-1.34	-1.74	-1.74
730.6	0	-1.34	-1.54	-1.64
730.7	0	-1.24	-1.64	-1.64
730.8	0	-1.24	-1.64	-1.64
730.9	0	-1.14	-1.64	-1.64
731	0	-1.14	-1.54	-1.54
731.1	0	-1.14	-1.54	-1.54
731.2	0	-1.14	-1.54	-1.54
731.3	0	-1.04	-1.34	-1.44
731.4	0	-1.04	-1.44	-1.44
731.5	0	-1.04	-1.44	-1.44
731.6	0	-1.04	-1.24	-0.84
731.7	0	-0.94	-1.34	-1.34
731.8	0	-0.94	-1.34	-1.34
731.9	0	-0.94	-1.34	-1.34
732	0	-0.84	-1.14	-1.24
732.1	0	-0.84	-1.24	-0.74
732.2	0	-0.84	-1.24	-1.24
732.3	0	-0.74	-1.14	-1.14
732.4	0	-0.74	-1.14	-1.14
732.5	0	-0.74	-1.14	-0.84
732.6	0	-0.74	-1.14	-1.14
732.7	0	-0.64	-1.04	-0.64
732.8	0	-0.64	-1.04	-0.94
732.9	0	-0.64	-1.04	-1.04
733	0	-0.54	-0.94	-0.54
733.1	0	-0.54	-0.74	-0.84
733.2	0	-0.54	-0.94	-0.94
733.3	0	-0.54	-0.94	-0.74
733.4	0	-0.44	-0.64	-0.74
733.5	0	-0.44	-0.24	-0.44
733.6	0	-0.44	-0.84	-0.24
733.7	0	-0.34	-0.54	-0.44
733.8	0	-0.34	-0.74	-0.64
733.9	0	-0.34	-0.14	-0.74
734	0	-0.24	-0.74	-0.24
734.1	0	-0.24	-0.64	-0.24
734.2	0	-0.24	-0.04	-0.64
734.3	0	-0.14	-0.54	-0.14
734.4	0	-0.14	-0.54	-0.24
734.5	0	-0.14	0.06	0.06
734.6	0	-0.14	-0.44	0.06
734.7	0	-0.04	-0.24	-0.04
734.8	0	-0.04	-0.44	-0.04
734.9	0	-0.04	0.16	0.16
735	0	0.06	-0.34	0.06
735.1	0	0.06	-0.34	0.06
735.2	0	0.06	-0.34	0.06
735.3	0	0.06	-0.24	0.26
735.4	0	0.16	-0.24	-0.24
735.5	0	0.16	-0.24	0.16
735.6	0	0.16	-0.24	0.16
735.7	0	0.16	-0.14	0.16
735.8	0	0.26	-0.14	0.26
735.9	0	0.26	-0.14	0.26
736	0	0.26	-0.04	0.26
736.1	0	0.26	-0.04	-0.04
736.2	0	0.36	0.16	0.36
736.3	0	0.36	0.16	0.36
736.4	0	0.36	0.06	0.36
736.5	0	0.36	0.06	0.36
736.6	0	0.36	0.06	0.06
736.7	0	0.46	0.16	0.46
736.8	0	0.46	0.16	0.46
736.9	0	0.46	0.16	0.16
737	0	0.56	0.36	0.56
737.1	0	0.56	0.26	0.56
737.2	0	0.56	0.26	0.26
737.3	0	0.56	0.26	0.26
737.4	0	0.56	0.26	0.26
737.5	0	0.66	0.36	0.66
737.6	0	0.66	0.36	0.66
737.7	0	0.66	0.36	0.36
737.8	0	0.66	0.36	0.36
737.9	0	0.66	0.56	0.46
738	0	0.76	0.46	0.76
738.1	0	0.86	0.46	0.46
738.2	0	0.76	0.46	0.46
738.3	0	0.76	0.46	0.76
738.4	0	0.76	0.56	0.76
738.5	0	0.86	0.56	0.86
738.6	0	0.96	0.56	0.56
738.7	0	0.86	0.56	0.56
738.8	0	0.86	0.76	0.86
738.9	0	0.86	0.66	0.66
739	0	0.96	0.66	0.96
739.1	0	0.96	0.66	0.66
739.2	0	0.96	0.66	0.66
739.3	0	0.96	0.86	0.96
739.4	0	0.96	0.76	0.76
739.5	0	1.06	0.76	0.76
739.6	0	1.06	0.76	0.76
739.7	0	1.06	0.76	0.76
739.8	0	1.06	0.96	1.06
739.9	0	1.06	0.86	0.86
740	0	1.16	0.86	0.86
740.1	0	1.16	0.86	0.86
740.2	0	1.16	0.86	0.86
740.3	0	1.16	1.06	0.86
740.4	0	1.16	0.96	0.96
740.5	0	0.86	0.96	0.96
740.6	0	1.26	0.96	0.96
740.7	0	1.26	0.96	0.96
740.8	0	0.96	1.06	0.96
740.9	0	0.96	1.06	1.06
741	0	0.96	1.06	1.16
741.1	0	1.36	1.06	1.06
741.2	0	1.46	1.26	1.06
741.3	0	1.06	1.16	1.06
741.4	0	1.06	1.16	1.16
741.5	0	1.06	1.16	1.16
741.6	0	1.56	1.36	1.16
741.7	0	1.16	1.26	1.16
741.8	0	1.16	1.26	1.16
741.9	0	1.16	1.26	1.26
742	0	1.16	1.26	1.26
742.1	0	0.86	1.46	1.26
742.2	0	1.26	1.36	1.26
742.3	0	1.26	1.36	1.26
742.4	0	1.26	1.36	1.36
742.5	0	1.36	1.56	1.36
742.6	0	1.36	1.46	1.36
742.7	0	1.36	1.46	1.66
742.8	0	1.36	1.46	1.46
742.9	0	1.76	1.66	1.76
743	0	1.46	1.56	1.46
743.1	0	1.46	1.56	1.76
743.2	0	1.46	1.56	1.86
743.3	0	1.06	1.66	1.56
743.4	0	1.56	1.76	1.56
743.5	0	1.56	1.76	1.66
743.6	0	1.56	1.86	2.26
743.7	0	1.16	1.76	1.76
743.8	0	1.66	1.76	1.66
743.9	0	1.66	1.76	1.76
744	0	1.66	1.86	2.36
744.1	0	1.26	1.86	1.86
744.2	0	1.76	2.06	2.46
744.3	0	1.76	1.96	1.96
744.4	0	1.76	1.96	2.16
744.5	0	1.86	2.56	1.86
744.6	0	1.86	2.16	2.26
744.7	0	1.86	2.06	1.86
744.8	0	1.86	2.16	2.16
744.9	0	1.96	2.26	2.26
745	0	1.96	2.36	2.36
745.1	0	1.96	2.16	2.16
745.2	0	2.06	2.36	2.36
745.3	0	2.06	2.46	2.46
745.4	0	2.06	2.26	2.26
745.5	0	2.06	2.86	2.46
745.6	0	2.16	2.56	2.56
745.7	0	2.16	2.36	2.66
745.8	0	2.16	2.96	2.56
745.9	0	2.16	2.66	2.66
746	0	2.26	2.46	2.76
746.1	0	2.26	3.06	2.66
746.2	0	1.86	3.06	2.66
746.3	0	2.36	2.56	2.86
746.4	0	2.36	2.76	2.86
746.5	0	2.36	2.66	2.76
746.6	0	1.96	2.66	2.76
746.7	0	2.46	-3.04	2.96
746.8	0	2.46	-3.04	2.86
746.9	0	2.46	2.96	2.96
747	0	2.56	2.76	2.86
747.1	0	2.56	-2.94	3.06
747.2	0	2.56	2.86	3.06
747.3	0	2.56	2.86	3.06
747.4	0	2.66	3.06	3.06
747.5	0	2.66	2.86	2.86
747.6	0	2.66	2.96	-3.04
747.7	0	2.66	2.96	-3.04
747.8	0	2.76	-3.04	-3.04
747.9	0	2.76	-3.04	-3.04
748	0	2.76	3.06	-3.04
748.1	0	-2.94	-3.04	-2.94
748.2	0	2.86	-2.94	-2.94
748.3	0	2.86	-2.94	-2.94
748.4	0	2.86	-2.94	-2.94
748.5	0	2.96	-3.04	-3.04
748.6	0	2.96	-3.04	-3.04
748.7	0	2.96	-3.04	-2.84
748.8	0	2.96	-2.84	-2.84
748.9	0	3.06	-2.84	-2.94
749	0	3.06	-2.94	-2.94
749.1	0	-2.64	-2.94	-2.94
749.2	0	-2.64	-2.94	-2.74
749.3	0	-2.74	-2.84	-2.74
749.4	0	-2.74	-2.84	-2.54
749.5	0	-2.54	-2.84	-2.64
749.6	0	-3.04	-2.84	-2.84
749.7	0	-3.04	-2.64	-2.64
749.8	0	-3.04	-2.74	-2.64
749.9	0	-2.94	-2.74	-2.54
750	0	-2.94	-2.74	-2.74
750.1	0	-2.94	-2.54	-2.54
750.2	0	-2.94	-2.54	-2.54
750.3	0	-2.34	-2.64	-2.64
750.4	0	-2.84	-2.64	-2.64
750.5	0	-2.84	-2.64	-2.44
750.6	0	-2.34	-2.44	-2.44
750.7	0	-2.84	-2.54	-2.54
750.8	0	-2.74	-2.54	-2.54
750.9	0	-2.74	-2.54	-2.54
751	0	-2.14	-2.34	-2.34
751.1	0	-2.74	-2.44	-2.44
751.2	0	-2.64	-2.44	-2.44
751.3	0	-2.64	-2.44	-2.44
751.4	0	-2.04	-2.24	-2.44
751.5	0	-2.64	-2.24	-2.34
751.6	0	-2.54	-2.34	-2.34
751.7	0	-2.54	-2.34	-2.34
751.8	0	-2.04	-2.34	-2.34
751.9	0	-2.44	-2.14	-2.14
752	0	-2.44	-2.24	-2.24
752.1	0	-1.84	-2.24	-2.24
752.2	0	-2.14	-2.24	-2.24
752.3	0	-2.34	-2.24	-2.34
752.4	0	-2.34	-2.04	-2.14
752.5	0	-1.84	-2.14	-2.14
752.6	0	-2.04	-2.14	-2.14
752.7	0	-2.24	-2.14	-1.94
752.8	0	-1.74	-1.94	-1.94
752.9	0	-1.74	-2.04	-2.04
753	0	-1.64	-1.84	-2.04
753.1	0	-2.14	-2.04	-2.04
753.2	0	-1.64	-1.84	-2.04
753.3	0	-1.84	-1.94	-1.84
753.4	0	-1.54	-1.94	-1.84
753.5	0	-2.04	-1.94	-1.94
753.6	0	-1.54	-1.74	-1.74
753.7	0	-1.44	-1.84	-1.74
753.8	0	-1.44	-1.84	-1.94
753.9	0	-1.94	-1.84	-1.84
754	0	-1.44	-1.64	-1.64
754.1	0	-1.34	-1.74	-1.64
754.2	0	-1.34	-1.54	-1.84
754.3	0	-1.34	-1.74	-1.74
754.4	0	-1.24	-1.54	-1.54
754.5	0	-1.24	-1.64	-1.74
754.6	0	-1.24	-1.44	-1.54
754.7	0	-1.24	-1.44	-1.44
754.8	0	-1.14	-1.44	-1.44
754.9	0	-1.14	-1.54	-1.64
755	0	-1.14	-1.44	-1.44
755.1	0	-1.44	-1.34	-1.44
755.2	0	-1.04	-1.44	-0.94
755.3	0	-1.04	-1.44	-1.34
755.4	0	-1.04	-1.24	-1.34
755.5	0	-1.04	-1.34	-1.34
755.6	0	-0.94	-1.34	-1.24
755.7	0	-0.94	-1.14	-1.24
755.8	0	-0.94	-1.14	-1.24
755.9	0	-0.94	-1.24	-1.24
756	0	-0.84	-1.04	-1.14
756.1	0	-0.84	-1.04	-1.14
756.2	0	-0.74	-1.14	-1.14
756.3	0	-0.74	-1.14	-0.84
756.4	0	-1.24	-0.94	-1.04
756.5	0	-0.64	-1.04	-1.04
756.6	0	-0.64	-1.04	-0.94
756.7	0	-1.14	-0.84	-0.94
756.8	0	-0.54	-0.94	-0.44
756.9	0	-0.54	-0.74	-0.84
757	0	-1.04	-0.34	-0.84
757.1	0	-0.54	-0.74	-0.84
757.2	0	-0.44	-0.24	-0.74
757.3	0	-0.44	-0.84	-0.74
757.4	0	-0.44	-0.64	-0.24
757.5	0	-0.34	-0.74	-0.64
757.6	0	-0.34	-0.74	-0.64
757.7	0	-0.34	-0.54	-0.14
757.8	0	-0.24	-0.14	-0.54
757.9	0	-0.24	-0.64	-0.54
758	0	-0.24	-0.04	-0.64
758.1	0	-0.14	-0.34	-0.14
758.2	0	-0.14	-0.54	-0.44
758.3	0	-0.14	0.06	-0.14
758.4	0	-0.14	-0.24	0.06
758.5	0	-0.04	-0.44	-0.14
758.6	0	-0.04	-0.34	-0.34
758.7	0	-0.04	0.16	0.16
758.8	0	0.06	-0.14	0.16
758.9	0	0.06	-0.34	-0.34
759	0	0.06	-0.04	0.06
759.1	0	0.06	-0.24	0.06
759.2	0	0.16	-0.24	-0.14
759.3	0	0.16	-0.04	-0.14
759.4	0	0.16	-0.14	0.16
759.5	0	0.16	-0.14	-0.14
759.6	0	0.26	0.06	0.36
759.7	0	0.26	-0.04	-0.04
759.8	0	0.26	-0.04	0.26
759.9	0	0.26	-0.04	-0.04
760	0	0.26	0.16	-0.04
760.1	0	0.36	0.06	0.36
760.2	0	0.36	0.06	0.36
760.3	0	0.36	0.06	0.06
760.4	0	0.46	0.26	0.46
760.5	0	0.46	0.26	0.16
760.6	0	0.46	0.16	0.16
760.7	0	0.46	0.16	0.16
760.8	0	0.46	0.36	0.56
760.9	0	0.66	0.36	0.36
761	0	0.56	0.26	0.26
761.1	0	0.56	0.26	0.26
761.2	0	0.56	0.46	0.56
761.3	0	0.66	0.46	0.66
761.4	0	0.76	0.36	0.36
761.5	0	0.66	0.36	0.36
761.6	0	0.66	0.36	0.36
761.7	0	0.66	0.56	0.46
761.8	0	0.76	0.46	0.46
761.9	0	0.86	0.46	0.46
762	0	0.76	0.46	0.46
762.1	0	0.76	0.66	0.76
762.2	0	0.76	0.66	0.76
762.3	0	0.86	0.66	0.56
762.4	0	0.76	0.56	0.56
762.5	0	0.86	0.56	0.56
762.6	0	0.86	0.76	0.76
762.7	0	0.86	0.76	0.66
762.8	0	0.96	0.76	0.66
762.9	0	0.86	0.66	0.66
763	0	0.96	0.66	0.66
763.1	0	0.96	0.86	0.96
763.2	0	1.06	0.76	0.76
763.3	0	0.66	0.76	0.76
763.4	0	0.76	0.76	0.76
763.5	0	1.06	0.76	0.76
763.6	0	1.06	0.96	0.86
763.7	0	1.16	0.96	0.86
763.8	0	0.76	0.86	0.86
763.9	0	1.16	0.86	0.86
764	0	1.16	0.86	0.86
764.1	0	0.86	1.06	0.96
764.2	0	0.86	1.06	0.96
764.3	0	0.86	0.96	0.96
764.4	0	1.26	0.96	0.96
764.5	0	1.26	1.16	1.16
764.6	0	0.96	1.06	1.06
764.7	0	0.96	1.16	1.06
764.8	0	0.96	1.06	1.26
764.9	0	1.36	1.06	1.06
765	0	1.46	1.16	1.16
765.1	0	1.06	1.16	1.06
765.2	0	1.06	1.16	1.06
765.3	0	1.06	1.16	1.36
765.4	0	1.06	1.36	1.26
765.5	0	1.16	1.26	1.26
765.6	0	1.16	1.26	1.16
765.7	0	1.16	1.46	1.46
765.8	0	1.16	1.46	1.46
765.9	0	1.26	1.46	1.36
766	0	1.26	1.46	1.26
766.1	0	1.26	1.36	1.26
766.2	0	1.26	1.56	1.56
766.3	0	1.26	1.56	1.56
766.4	0	1.36	1.46	1.36
766.5	0	1.36	1.46	1.36
766.6	0	1.36	1.66	1.66
766.7	0	1.86	1.66	1.66
766.8	0	1.46	1.56	1.46
766.9	0	1.46	1.66	1.46
767	0	1.46	1.76	1.86
767.1	0	1.56	1.66	1.66
767.2	0	1.56	1.66	1.56
767.3	0	1.56	1.76	1.56
767.4	0	1.56	1.86	1.86
767.5	0	1.56	1.76	1.76
767.6	0	1.66	1.76	1.66
767.7	0	1.66	1.96	1.96
767.8	0	1.66	1.86	1.86
767.9	0	1.76	1.86	1.86
768	0	1.76	1.96	1.76
768.1	0	1.76	2.06	1.76
768.2	0	1.76	1.96	2.16
768.3	0	2.36	2.06	2.06
768.4	0	1.86	2.16	2.16
768.5	0	1.86	2.26	1.86
768.6	0	1.86	2.16	2.66
768.7	0	1.96	2.26	2.26
768.8	0	1.96	2.16	1.96
768.9	0	1.96	2.16	2.16
769	0	2.56	2.36	2.36
769.1	0	2.06	2.26	2.06
769.2	0	2.06	2.26	2.46
769.3	0	2.06	2.46	2.46
769.4	0	2.66	2.56	2.56
769.5	0	2.16	2.36	2.16
769.6	0	1.76	2.56	2.56
769.7	0	2.16	2.66	2.66
769.8	0	2.26	2.46	2.26
769.9	0	2.26	2.66	2.66
770	0	1.86	2.76	2.76
770.1	0	2.26	2.56	2.56
770.2	0	2.36	2.76	2.76
770.3	0	2.36	2.76	2.76
770.4	0	2.36	2.66	2.86
770.5	0	2.46	2.66	2.96
770.6	0	2.46	-3.04	-3.04
770.7	0	2.46	2.96	2.96
770.8	0	2.06	2.96	2.96
770.9	0	2.56	2.86	3.06
771	0	2.56	-2.94	2.96
771.1	0	2.56	3.06	3.06
771.2	0	2.66	2.96	2.96
771.3	0	2.66	2.96	2.96
771.4	0	2.66	2.96	3.06
771.5	0	2.66	2.96	-3.04
771.6	0	2.76	3.06	3.06
771.7	0	2.76	3.06	-3.04
771.8	0	2.76	-3.04	-3.04
771.9	0	2.76	-3.04	-3.04
772	0	2.86	-2.94	-2.94
772.1	0	2.86	-2.94	-2.94
772.2	0	2.86	-2.94	-2.94
772.3	0	2.86	-2.94	-2.94
772.4	0	2.96	-3.04	-2.84
772.5	0	-2.94	-3.04	-2.84
772.6	0	2.96	-2.84	-2.84
772.7	0	3.06	-2.84	-2.84
772.8	0	3.06	-2.94	-2.94
772.9	0	3.06	-2.94	-2.74
773	0	3.06	-2.74	-2.74
773.1	0	-2.54	-2.74	-2.74
773.2	0	-2.54	-2.84	-2.54
773.3	0	-3.04	-2.84	-2.64
773.4	0	-3.04	-2.64	-2.64
773.5	0	-3.04	-2.64	-2.64
773.6	0	-2.44	-2.74	-2.64
773.7	0	-3.04	-2.74	-2.54
773.8	0	-3.04	-2.74	-2.54
773.9	0	-2.94	-2.54	-2.54
774	0	-2.94	-2.64	-2.54
774.1	0	-2.84	-2.64	-2.64
774.2	0	-2.84	-2.64	-2.64
774.3	0	-2.84	-2.44	-2.44
774.4	0	-2.74	-2.44	-2.44
774.5	0	-2.14	-2.54	-2.54
774.6	0	-2.74	-2.54	-2.54
774.7	0	-2.74	-2.54	-2.54
774.8	0	-2.64	-2.34	-2.34
774.9	0	-2.64	-2.44	-2.44
775	0	-2.64	-2.44	-2.44
775.1	0	-2.04	-2.44	-2.44
775.2	0	-2.54	-2.24	-2.24
775.3	0	-2.14	-2.34	-2.34
775.4	0	-2.54	-2.34	-2.34
775.5	0	-1.94	-2.34	-2.34
775.6	0	-2.44	-2.34	-2.34
775.7	0	-2.04	-2.14	-2.24
775.8	0	-2.44	-2.24	-2.24
775.9	0	-1.84	-2.24	-2.24
776	0	-2.34	-2.04	-2.04
776.1	0	-2.34	-2.04	-2.04
776.2	0	-1.74	-2.04	-2.14
776.3	0	-2.24	-2.14	-2.14
776.4	0	-2.04	-1.94	-1.94
776.5	0	-2.24	-2.14	-2.14
776.6	0	-1.64	-1.94	-2.04
776.7	0	-1.74	-2.04	-2.04
776.8	0	-1.74	-2.04	-2.04
776.9	0	-2.14	-2.04	-2.04
777	0	-2.04	-1.84	-2.04
777.1	0	-1.44	-1.94	-1.94
777.2	0	-1.64	-1.74	-1.74
777.3	0	-2.04	-1.94	-1.94
777.4	0	-1.94	-1.74	-1.74
777.5	0	-1.54	-1.84	-1.74
777.6	0	-1.94	-1.84	-1.84
777.7	0	-1.94	-1.84	-1.84
777.8	0	-1.44	-1.64	-1.64
777.9	0	-1.44	-1.74	-1.74
778	0	-1.84	-1.74	-1.84
778.1	0	-1.74	-1.54	-1.74
778.2	0	-1.24	-1.54	-1.54
778.3	0	-1.34	-1.64	-1.64
778.4	0	-1.74	-1.64	-1.14
778.5	0	-1.64	-1.44	-1.44
778.6	0	-1.24	-1.44	-1.44
778.7	0	-1.24	-1.54	-1.54
778.8	0	-1.14	-1.34	-1.54
778.9	0	-1.04	-1.34	-1.34
779	0	-1.54	-1.44	-1.44
779.1	0	-1.04	-1.44	-1.44
779.2	0	-1.54	-1.24	-1.24
779.3	0	-1.04	-1.24	-1.34
779.4	0	-1.04	-1.34	-1.34
779.5	0	-1.44	-1.14	-1.44
779.6	0	-0.84	-1.14	-1.14
779.7	0	-0.84	-1.24	-1.24
779.8	0	-0.94	-1.24	-0.94
779.9	0	-1.34	-1.04	-1.04
780	0	-1.14	-1.14	-1.14
780.1	0	-0.84	-1.14	-0.84
780.2	0	-1.24	-0.94	-0.94
780.3	0	-0.74	-0.84	-1.04
780.4	0	-0.74	-0.94	-0.74
780.5	0	-1.14	-0.84	-0.84
780.6	0	-0.64	-0.94	-0.94
780.7	0	-0.54	-0.34	-0.64
780.8	0	-0.54	-0.74	-0.84
780.9	0	-1.04	-0.74	-0.84
781	0	-0.44	-0.24	-0.74
781.1	0	-0.44	-0.74	-0.74
781.2	0	-0.94	-0.64	-0.64
781.3	0	-0.34	-0.54	-0.64
781.4	0	-0.34	-0.14	-0.64
781.5	0	-0.24	-0.54	-0.74
781.6	0	-0.24	-0.44	-0.14
781.7	0	-0.24	-0.04	-0.04
781.8	0	-0.24	-0.44	-0.64
781.9	0	-0.24	-0.34	-0.44
782	0	-0.14	-0.34	-0.14
782.1	0	-0.14	-0.44	-0.54
782.2	0	-0.14	0.06	0.06
782.3	0	-0.54	-0.44	-0.34
782.4	0	-0.04	-0.34	-0.34
782.5	0	-0.04	-0.34	-0.04
782.6	0	-0.44	-0.14	0.16
782.7	0	0.06	-0.14	-0.34
782.8	0	0.06	-0.14	0.06
782.9	0	0.06	-0.24	0.06
783	0	-0.34	-0.24	0.26
783.1	0	0.16	-0.04	-0.24
783.2	0	0.16	-0.14	0.16
783.3	0	0.16	-0.14	0.16
783.4	0	0.16	0.06	-0.14
783.5	0	0.26	-0.04	-0.04
783.6	0	0.26	-0.04	0.26
783.7	0	0.26	-0.04	0.26
783.8	0	0.26	0.16	-0.04
783.9	0	0.36	0.06	0.06
784	0	0.36	0.06	0.36
784.1	0	0.36	0.06	0.36
784.2	0	0.46	0.26	0.46
784.3	0	0.46	0.26	0.16
784.4	0	0.46	0.16	0.16
784.5	0	0.46	0.16	0.16
784.6	0	0.46	0.36	0.56
784.7	0	0.56	0.36	0.56
784.8	0	0.16	0.26	0.26
784.9	0	0.56	0.26	0.26
785	0	0.56	0.46	0.56
785.1	0	0.66	0.36	0.66
785.2	0	0.66	0.46	0.36
785.3	0	0.66	0.36	0.36
785.4	0	0.66	0.56	0.36
785.5	0	0.66	0.56	0.66
785.6	0	0.76	0.46	0.76
785.7	0	0.76	0.46	0.46
785.8	0	0.76	0.46	0.46
785.9	0	0.76	0.66	0.76
786	0	0.76	0.66	0.56
786.1	0	0.86	0.66	0.86
786.2	0	0.86	0.56	0.56
786.3	0	0.86	0.56	0.56
786.4	0	0.86	0.76	0.86
786.5	0	0.86	0.66	0.66
786.6	0	0.96	0.66	0.66
786.7	0	0.96	0.66	0.66
786.8	0	0.96	0.86	0.66
786.9	0	0.96	0.86	0.66
787	0	0.96	0.76	0.76
787.1	0	1.06	0.76	0.76
787.2	0	1.06	0.76	0.76
787.3	0	1.06	0.76	0.76
787.4	0	1.06	0.96	0.86
787.5	0	1.16	0.86	0.86
787.6	0	0.76	0.86	0.86
787.7	0	1.26	0.86	0.86
787.8	0	1.16	0.86	0.86
787.9	0	0.86	1.06	0.86
788	0	0.86	0.96	0.96
788.1	0	0.86	0.96	0.96
788.2	0	1.36	0.96	0.96
788.3	0	1.36	1.16	0.96
788.4	0	0.96	1.06	1.06
788.5	0	0.96	1.06	1.06
788.6	0	0.96	1.06	1.16
788.7	0	1.46	1.06	1.06
788.8	0	1.06	1.16	1.06
788.9	0	1.06	1.16	1.06
789	0	1.06	1.16	1.16
789.1	0	1.56	1.16	1.36
789.2	0	1.06	1.26	1.36
789.3	0	1.16	1.36	1.46
789.4	0	1.16	1.26	1.16
789.5	0	1.16	1.26	1.26
789.6	0	1.16	1.26	1.26
789.7	0	1.26	1.36	1.26
789.8	0	1.26	1.36	1.26
789.9	0	1.26	1.36	1.36
790	0	1.26	1.46	1.36
790.1	0	1.86	1.56	1.56
790.2	0	1.36	1.56	1.46
790.3	0	1.36	1.46	1.36
790.4	0	1.36	1.56	1.46
790.5	0	1.36	1.66	1.66
790.6	0	1.46	1.56	1.56
790.7	0	1.46	1.56	1.46
790.8	0	1.46	1.76	1.76
790.9	0	1.56	1.76	1.76
791	0	2.16	1.66	1.66
791.1	0	1.56	1.66	1.56
791.2	0	1.56	1.86	1.86
791.3	0	1.56	1.76	1.76
791.4	0	1.16	1.76	1.76
791.5	0	1.66	1.96	1.96
791.6	0	1.66	1.96	1.96
791.7	0	1.66	1.86	1.86
791.8	0	1.76	2.06	1.76
791.9	0	1.76	2.06	2.06
792	0	1.76	2.16	2.16
792.1	0	1.86	2.16	1.96
792.2	0	1.86	2.16	2.16
792.3	0	1.86	2.06	2.56
792.4	0	1.86	2.06	2.06
792.5	0	2.46	2.26	2.26
792.6	0	1.96	2.16	1.96
792.7	0	2.06	2.16	2.16
792.8	0	1.96	2.36	2.36
792.9	0	2.06	2.26	2.06
793	0	2.06	2.26	2.06
793.1	0	2.06	2.46	2.46
793.2	0	2.66	2.46	2.46
793.3	0	2.16	2.36	2.66
793.4	0	2.16	2.56	2.56
793.5	0	2.16	2.56	2.56
793.6	0	2.26	2.46	2.46
793.7	0	2.26	2.66	2.66
793.8	0	2.36	2.66	2.66
793.9	0	2.26	2.56	2.56
794	0	2.36	2.76	2.76
794.1	0	2.36	2.76	2.76
794.2	0	2.46	2.66	2.86
794.3	0	2.96	2.86	2.86
794.4	0	2.46	2.86	2.86
794.5	0	2.46	2.96	2.86
794.6	0	2.06	2.96	2.96
794.7	0	2.56	2.96	2.96
794.8	0	2.56	2.96	2.96
794.9	0	2.56	2.86	3.06
795	0	2.66	3.06	3.06
795.1	0	2.66	-2.84	-2.84
795.2	0	2.66	2.96	3.06
795.3	0	2.66	2.96	-3.04
795.4	0	-3.04	3.06	3.06
795.5	0	-2.84	3.06	3.06
795.6	0	2.76	-3.04	-3.04
795.7	0	2.76	-3.04	-3.04
795.8	0	2.76	-3.04	-3.04
795.9	0	2.86	-2.94	-3.04
796	0	2.86	-2.94	-2.94
796.1	0	2.86	-2.94	-2.94
796.2	0	2.96	-3.04	-2.94
796.3	0	2.96	-3.04	-2.94
796.4	0	-2.74	-2.84	-2.84
796.5	0	3.06	-2.84	-2.84
796.6	0	3.06	-2.94	-2.84
796.7	0	-2.84	-2.94	-2.74
796.8	0	-2.64	-2.74	-2.74
796.9	0	-2.74	-2.74	-2.74
797	0	-2.54	-2.84	-2.74
797.1	0	-2.74	-2.84	-2.64
797.2	0	-3.04	-2.64	-2.64
797.3	0	-3.04	-2.64	-2.64
797.4	0	-3.04	-2.74	-2.64
797.5	0	-3.04	-2.74	-2.54
797.6	0	-2.94	-2.74	-2.54
797.7	0	-2.94	-2.54	-2.54
797.8	0	-2.94	-2.64	-2.54
797.9	0	-2.84	-2.64	-2.64
798	0	-2.84	-2.64	-2.64
798.1	0	-2.84	-2.44	-2.44
798.2	0	-2.84	-2.44	-2.44
798.3	0	-2.74	-2.54	-2.44
798.4	0	-2.14	-2.54	-2.54
798.5	0	-2.74	-2.54	-2.54
798.6	0	-2.64	-2.34	-2.34
798.7	0	-2.64	-2.44	-2.44
798.8	0	-2.04	-2.44	-2.44
798.9	0	-2.64	-2.44	-2.44
799	0	-2.54	-2.24	-2.24
799.1	0	-2.54	-2.24	-2.34
799.2	0	-2.54	-2.34	-2.34
799.3	0	-1.94	-2.34	-2.34
799.4	0	-2.44	-2.14	-2.14
799.5	0	-1.84	-2.14	-2.24
799.6	0	-2.44	-2.24	-2.24
799.7	0	-1.84	-2.24	-2.24
799.8	0	-1.94	-2.24	-2.24
799.9	0	-2.34	-2.24	-1.94
800	0	-1.74	-2.14	-2.14
800.1	0	-2.24	-2.14	-2.14
800.2	0	-1.84	-2.14	-2.14
800.3	0	-2.24	-2.14	-2.04
800.4	0	-1.64	-2.04	-2.04
800.5	0	-2.14	-2.04	-2.04
800.6	0	-1.74	-2.04	-2.04
800.7	0	-1.54	-2.04	-1.74
800.8	0	-1.54	-1.84	-2.04
800.9	0	-2.24	-1.94	-1.94
801	0	-1.44	-1.94	-1.94
801.1	0	-1.44	-1.94	-1.94
801.2	0	-1.94	-1.74	-1.94
801.3	0	-1.54	-1.84	-1.74
801.4	0	-1.34	-1.84	-1.74
801.5	0	-1.34	-1.84	-1.84
801.6	0	-1.34	-1.64	-1.64
801.7	0	-1.44	-1.74	-1.74
801.8	0	-1.24	-1.74	-1.64
801.9	0	-1.84	-1.54	-1.54
802	0	-1.14	-1.54	-1.54
802.1	0	-1.14	-1.64	-1.54
802.2	0	-1.14	-1.64	-1.14
802.3	0	-1.64	-1.44	-1.44
802.4	0	-1.84	-1.44	-1.44
802.5	0	-1.04	-1.54	-1.44
802.6	0	-1.04	-1.54	-1.54
802.7	0	-1.04	-1.34	-1.34
802.8	0	-1.14	-1.44	-1.34
802.9	0	-0.94	-1.44	-1.44
803	0	-1.54	-1.24	-1.24
803.1	0	-0.94	-1.24	-1.24
803.2	0	-1.04	-1.34	-1.24
803.3	0	-0.84	-1.34	-1.34
803.4	0	-1.44	-1.14	-1.14
803.5	0	-0.94	-1.24	-1.24
803.6	0	-0.84	-1.24	-1.24
803.7	0	-0.74	-1.04	-1.04
803.8	0	-0.74	-1.14	-1.04
803.9	0	-0.84	-1.14	-0.84
804	0	-0.64	-0.94	-0.94
804.1	0	-0.64	-0.94	-0.94
804.2	0	-0.74	-1.04	-0.74
804.3	0	-0.54	-0.84	-0.84
804.4	0	-0.54	-0.84	-0.84
804.5	0	-0.54	-0.34	-0.84
804.6	0	-0.44	-0.94	-0.94
804.7	0	-0.44	-0.74	-0.74
804.8	0	-0.44	-0.84	-0.74
804.9	0	-0.34	-0.84	-0.84
805	0	-0.34	-0.64	-0.64
805.1	0	-0.34	-0.74	-0.64
805.2	0	-0.34	-0.74	-0.64
805.3	0	-0.24	-0.54	-0.54
805.4	0	-0.34	-0.54	-0.54
805.5	0	-0.24	-0.64	-0.24
805.6	0	-0.14	-0.44	-0.44
805.7	0	-0.24	-0.44	-0.44
805.8	0	-0.14	-0.54	-0.44
805.9	0	-0.14	-0.34	-0.34
806	0	-0.04	-0.34	-0.34
806.1	0	-0.04	-0.44	0.06
806.2	0	-0.04	-0.44	-0.04
806.3	0	-0.04	-0.24	-0.24
806.4	0	-0.04	-0.14	-0.24
806.5	0	0.06	-0.14	-0.34
806.6	0	0.06	-0.14	0.06
806.7	0	0.06	-0.14	-0.14
806.8	0	0.16	-0.24	0.16
806.9	0	0.16	-0.04	-0.24
807	0	0.16	-0.04	0.16
807.1	0	0.16	-0.14	0.16
807.2	0	0.26	-0.14	-0.14
807.3	0	0.26	0.06	0.06
807.4	0	0.26	-0.04	0.26
807.5	0	0.26	-0.04	0.26
807.6	0	0.36	0.16	-0.04
807.7	0	0.36	0.16	0.36
807.8	0	0.36	0.06	0.36
807.9	0	0.36	0.06	0.36
808	0	0.46	0.26	0.46
808.1	0	0.46	0.26	0.46
808.2	0	0.46	0.16	0.16
808.3	0	0.46	0.16	0.46
808.4	0	0.46	0.36	0.16
808.5	0	0.56	0.36	0.56
808.6	0	0.56	0.26	0.56
808.7	0	0.56	0.26	0.26
808.8	0	0.56	0.46	0.26
808.9	0	0.66	0.46	0.66
809	0	0.66	0.46	0.66
809.1	0	0.66	0.36	0.36
809.2	0	0.66	0.36	0.36
809.3	0	0.66	0.56	0.36
809.4	0	0.76	0.56	0.76
809.5	0	0.76	0.46	0.76
809.6	0	0.76	0.46	0.46
809.7	0	0.76	0.66	0.46
809.8	0	0.76	0.66	0.56
809.9	0	0.86	0.56	0.56
810	0	0.86	0.56	0.86
810.1	0	0.86	0.56	0.56
810.2	0	0.86	0.76	0.76
810.3	0	0.86	0.66	0.66
810.4	0	0.96	0.66	0.66
810.5	0	0.96	0.66	0.66
810.6	0	0.96	0.66	0.66
810.7	0	0.96	0.76	0.76
810.8	0	0.66	0.76	0.76
810.9	0	1.06	0.76	0.76
811	0	0.66	0.76	0.76
811.1	0	1.16	0.86	0.76
811.2	0	0.76	0.96	0.76
811.3	0	0.76	0.86	0.86
811.4	0	1.16	0.96	0.86
811.5	0	1.16	0.86	0.86
811.6	0	1.26	0.96	0.96
811.7	0	0.76	1.06	0.86
811.8	0	1.26	0.96	0.96
811.9	0	0.86	0.96	0.96
812	0	0.86	0.96	0.96
812.1	0	1.36	1.06	1.06
812.2	0	1.36	1.06	1.06
812.3	0	1.36	1.16	1.06
812.4	0	0.96	1.06	1.06
812.5	0	1.46	1.16	1.16
812.6	0	1.46	1.26	1.26
812.7	0	1.36	1.26	1.16
812.8	0	1.16	1.26	1.16
812.9	0	1.56	1.26	1.26
813	0	1.06	1.26	1.36
813.1	0	1.46	1.36	1.36
813.2	0	1.16	1.36	1.36
813.3	0	1.66	1.36	1.36
813.4	0	1.16	1.36	1.36
813.5	0	1.16	1.46	1.46
813.6	0	1.26	1.46	1.36
813.7	0	1.26	1.46	1.46
813.8	0	1.26	1.36	1.36
813.9	0	1.26	1.56	1.56
814	0	1.66	1.56	1.56
814.1	0	1.36	1.56	1.56
814.2	0	1.36	1.66	1.66
814.3	0	1.36	1.66	1.66
814.4	0	1.76	1.66	1.56
814.5	0	1.46	1.66	1.66
814.6	0	1.46	1.76	1.76
814.7	0	1.46	1.76	1.76
814.8	0	2.16	1.76	1.66
814.9	0	1.56	1.76	1.56
815	0	1.56	1.86	1.86
815.1	0	1.56	1.86	1.86
815.2	0	1.16	1.76	1.76
815.3	0	1.66	1.96	1.66
815.4	0	1.66	1.96	1.96
815.5	0	1.66	1.96	1.86
815.6	0	1.26	2.06	2.06
815.7	0	1.76	2.06	2.06
815.8	0	1.76	2.06	2.06
815.9	0	2.36	2.16	2.16
816	0	1.86	2.16	2.16
816.1	0	1.86	2.16	2.16
816.2	0	1.86	2.06	2.06
816.3	0	1.96	2.26	2.26
816.4	0	1.96	2.26	2.26
816.5	0	1.96	2.16	2.16
816.6	0	1.96	2.36	2.36
816.7	0	2.06	2.36	2.36
816.8	0	2.06	2.26	2.26
816.9	0	2.06	2.46	2.46
817	0	2.06	2.46	2.46
817.1	0	2.16	2.36	2.46
817.2	0	1.66	2.56	2.56
817.3	0	2.16	2.56	2.56
817.4	0	2.16	2.46	2.46
817.5	0	2.26	2.66	2.66
817.6	0	2.26	2.66	2.66
817.7	0	2.26	2.66	2.66
817.8	0	2.36	2.76	2.76
817.9	0	2.36	2.76	2.76
818	0	2.36	2.66	2.86
818.1	0	1.96	2.86	2.86
818.2	0	2.46	2.86	2.86
818.3	0	2.46	2.86	2.86
818.4	0	2.46	2.76	2.96
818.5	0	2.06	2.96	2.96
818.6	0	2.56	2.96	2.96
818.7	0	2.56	2.86	3.06
818.8	0	2.56	3.06	3.06
818.9	0	-3.04	3.06	3.06
819	0	2.66	2.96	3.06
819.1	0	2.66	2.96	-2.94
819.2	0	-3.04	3.06	3.06
819.3	0	2.76	3.06	3.06
819.4	0	2.76	-3.04	-3.04
819.5	0	2.76	-3.04	-3.04
819.6	0	-2.84	-3.04	-3.04
819.7	0	-3.04	-3.04	-3.04
819.8	0	-2.54	-2.94	-2.94
819.9	0	2.86	-2.94	-2.94
820	0	2.96	-3.04	-2.94
820.1	0	2.96	-3.04	-2.94
820.2	0	-2.94	-2.84	-2.84
820.3	0	-2.74	-2.84	-2.84
820.4	0	3.06	-2.94	-2.84
820.5	0	3.06	-2.94	-2.94
820.6	0	-2.34	-2.74	-2.74
820.7	0	-2.54	-2.74	-2.74
820.8	0	-2.74	-2.84	-2.84
820.9	0	-2.74	-2.84	-2.64
821	0	-2.64	-2.84	-2.64
821.1	0	-3.04	-2.64	-2.64
821.2	0	-3.04	-2.74	-2.64
821.3	0	-2.64	-2.74	-2.64
821.4	0	-3.04	-2.74	-2.54
821.5	0	-2.34	-2.54	-2.54
821.6	0	-2.54	-2.64	-2.54
821.7	0	-2.94	-2.54	-2.54
821.8	0	-2.24	-2.64	-2.64
821.9	0	-2.84	-2.44	-2.44
822	0	-2.44	-2.44	-2.44
822.1	0	-2.34	-2.44	-2.44
822.2	0	-2.14	-2.54	-2.54
822.3	0	-2.74	-2.54	-2.34
822.4	0	-2.34	-2.34	-2.34
822.5	0	-2.24	-2.44	-2.44
822.6	0	-2.64	-2.34	-2.44
822.7	0	-1.74	-2.44	-2.44
822.8	0	-1.74	-2.24	-2.24
822.9	0	-2.14	-2.24	-2.24
823	0	-1.94	-2.24	-2.34
823.1	0	-1.94	-2.34	-2.34
823.2	0	-2.04	-2.14	-2.14
823.3	0	-1.84	-2.14	-2.14
823.4	0	-2.44	-2.14	-2.24
823.5	0	-1.84	-2.24	-2.24
823.6	0	-1.94	-2.24	-2.24
823.7	0	-2.34	-2.04	-2.14
823.8	0	-2.34	-2.04	-2.04
823.9	0	-1.44	-2.14	-2.14
824	0	-1.84	-2.04	-2.04
824.1	0	-1.64	-2.04	-2.04
824.2	0	-1.64	-1.94	-1.94
824.3	0	-1.34	-1.94	-2.04
824.4	0	-1.54	-1.94	-1.94
824.5	0	-1.54	-1.94	-1.94
824.6	0	-2.14	-1.84	-1.84
824.7	0	-1.44	-1.84	-1.84
824.8	0	-1.64	-1.84	-1.84
824.9	0	-2.04	-1.94	-1.84
825	0	-1.44	-1.74	-1.74
825.1	0	-1.54	-1.74	-1.74
825.2	0	-1.54	-1.74	-1.74
825.3	0	-1.34	-1.74	-1.74
825.4	0	-1.34	-1.64	-1.64
825.5	0	-1.44	-1.64	-1.64
825.6	0	-1.24	-1.64	-1.64
825.7	0	-1.24	-1.54	-1.54
825.8	0	-1.64	-1.54	-1.54
825.9	0	-1.34	-1.64	-1.54
826	0	-1.14	-1.54	-1.54
826.1	0	-1.74	-1.44	-1.44
826.2	0	-1.24	-1.44	-1.44
826.3	0	-1.24	-1.44	-1.44
826.4	0	-1.04	-1.44	-1.64
826.5	0	-1.04	-1.34	-1.34
826.6	0	-1.14	-1.34	-1.34
826.7	0	-0.94	-1.44	-1.44
826.8	0	-1.54	-1.24	-1.24
826.9	0	-0.94	-1.24	-1.24
827	0	-1.04	-1.34	-1.24
827.1	0	-0.84	-1.14	-1.24
827.2	0	-0.84	-1.14	-1.14
827.3	0	-0.84	-1.14	-1.14
827.4	0	-0.94	-1.14	-1.14
827.5	0	-0.74	-1.04	-1.04
827.6	0	-0.74	-1.04	-1.04
827.7	0	-0.74	-1.14	-1.04
827.8	0	-0.84	-0.94	-0.94
827.9	0	-0.64	-0.94	-0.94
828	0	-0.64	-1.04	-1.04
828.1	0	-0.74	-0.84	-1.04
828.2	0	-0.54	-0.84	-0.84
828.3	0	-0.54	-0.94	-0.94
828.4	0	-0.64	-0.74	-0.94
828.5	0	-0.44	-0.74	-0.74
828.6	0	-0.44	-0.74	-0.74
828.7	0	-0.54	-0.84	-0.84
828.8	0	-0.34	-0.64	-0.64
828.9	0	-0.34	-0.64	-0.64
829	0	-0.34	-0.74	-0.64
829.1	0	-0.24	-0.54	-0.54
829.2	0	-0.34	-0.54	-0.54
829.3	0	-0.24	-0.64	-0.54
829.4	0	-0.34	-0.44	-0.44
829.5	0	-0.14	-0.44	-0.44
829.6	0	-0.24	-0.44	-0.44
829.7	0	-0.24	-0.34	-0.24
829.8	0	-0.04	-0.34	-0.34
829.9	0	-0.04	-0.34	-0.34
830	0	-0.04	-0.24	-0.34
830.1	0	-0.04	-0.24	-0.24
830.2	0	0.06	-0.24	-0.24
830.3	0	-0.04	-0.34	-0.24
830.4	0	0.06	-0.14	-0.14
830.5	0	0.16	-0.14	-0.14
830.6	0	0.16	-0.24	-0.14
830.7	0	0.06	-0.04	-0.24
830.8	0	0.16	-0.14	0.16
830.9	0	0.16	-0.04	-0.04
831	0	0.26	0.06	0.26
831.1	0	0.16	0.06	-0.14
831.2	0	0.26	0.06	-0.04
831.3	0	0.26	-0.04	0.26
831.4	0	0.36	0.16	0.36
831.5	0	0.26	0.16	0.36
831.6	0	0.36	0.06	0.16
831.7	0	0.36	0.06	0.36
831.8	0	0.46	0.26	0.46
831.9	0	0.46	0.26	0.46
832	0	0.46	0.16	0.16
832.1	0	0.46	0.16	0.46
832.2	0	0.46	0.36	0.46
832.3	0	0.56	0.36	0.56
832.4	0	0.56	0.26	0.56
832.5	0	0.56	0.26	0.36
832.6	0	0.56	0.26	0.56
832.7	0	0.66	0.46	0.46
832.8	0	0.66	0.36	0.36
832.9	0	0.66	0.36	0.66
833	0	0.66	0.36	0.36
833.1	0	0.66	0.56	0.66
833.2	0	0.76	0.46	0.46
833.3	0	0.76	0.46	0.46
833.4	0	0.76	0.46	0.76
833.5	0	0.76	0.46	0.76
833.6	0	0.76	0.66	0.76
833.7	0	0.86	0.66	0.86
833.8	0	0.86	0.56	0.86
833.9	0	0.86	0.56	0.86
834	0	0.86	0.56	0.56
834.1	0	0.86	0.76	0.66
834.2	0	0.96	0.66	0.96
834.3	0	0.96	0.66	0.96
834.4	0	0.96	0.76	0.76
834.5	0	0.76	0.86	0.76
834.6	0	0.96	0.86	0.76
834.7	0	1.06	0.86	1.06
834.8	0	1.06	0.76	1.06
834.9	0	1.06	0.76	0.76
835	0	0.86	0.86	0.86
835.1	0	0.86	0.86	0.86
835.2	0	1.16	0.96	0.96
835.3	0	1.16	0.96	0.96
835.4	0	0.96	0.96	0.96
835.5	0	0.96	1.06	0.96
835.6	0	1.26	1.06	0.96
835.7	0	1.16	1.06	1.06
835.8	0	1.26	1.06	1.06
835.9	0	1.06	1.06	1.06
836	0	1.36	1.16	1.16
836.1	0	0.96	1.16	1.16
836.2	0	1.36	1.16	1.06
836.3	0	0.96	1.06	1.16
836.4	0	1.46	1.16	1.16
836.5	0	1.36	1.26	1.26
836.6	0	1.06	1.26	1.26
836.7	0	1.06	1.26	1.26
836.8	0	1.06	1.26	1.26
836.9	0	1.06	1.36	1.36
837	0	1.46	1.36	1.36
837.1	0	1.16	1.36	1.36
837.2	0	1.16	1.36	1.36
837.3	0	1.16	1.46	1.46
837.4	0	1.56	1.46	1.46
837.5	0	1.26	1.46	1.36
837.6	0	1.26	1.46	1.46
837.7	0	1.26	1.56	1.56
837.8	0	1.26	1.56	1.56
837.9	0	1.66	1.46	1.46
838	0	1.36	1.56	1.56
838.1	0	1.36	1.66	1.66
838.2	0	1.36	1.66	1.66
838.3	0	1.46	1.56	1.46
838.4	0	1.46	1.66	1.76
838.5	0	1.46	1.76	1.76
838.6	0	1.46	1.76	1.76
838.7	0	1.56	1.76	1.76
838.8	0	1.56	1.86	1.86
838.9	0	1.56	1.86	1.86
839	0	1.56	1.76	1.76
839.1	0	1.66	1.86	1.96
839.2	0	1.66	1.96	1.96
839.3	0	2.06	1.96	2.06
839.4	0	2.46	1.86	2.06
839.5	0	1.76	2.06	2.06
839.6	0	1.76	2.06	2.06
839.7	0	2.56	1.96	2.06
839.8	0	1.36	2.16	2.16
839.9	0	1.86	2.16	2.16
840	0	2.66	2.06	2.06
840.1	0	2.46	2.26	2.26
840.2	0	1.96	2.26	2.26
840.3	0	1.96	2.16	2.16
840.4	0	2.76	2.36	2.36
840.5	0	2.76	2.36	2.36
840.6	0	1.56	2.26	2.36
840.7	0	2.06	2.46	2.46
840.8	0	2.06	2.46	2.46
840.9	0	2.86	2.36	2.46
841	0	1.66	2.56	2.56
841.1	0	2.16	2.56	2.56
841.2	0	2.76	2.46	2.56
841.3	0	2.26	2.66	2.66
841.4	0	1.76	2.66	2.66
841.5	0	1.86	2.56	2.56
841.6	0	2.86	2.66	2.66
841.7	0	2.36	2.76	2.76
841.8	0	1.86	2.66	2.76
841.9	0	2.36	2.66	2.76
842	0	2.46	2.86	2.86
842.1	0	2.46	2.86	2.86
842.2	0	2.46	2.76	2.76
842.3	0	-2.94	2.96	-2.94
842.4	0	2.56	2.96	2.96
842.5	0	2.56	2.86	2.96
842.6	0	2.56	3.06	3.06
842.7	0	-3.04	3.06	3.06
842.8	0	2.66	2.96	3.06
842.9	0	2.66	2.96	2.96
843	0	2.66	3.06	3.06
843.1	0	-2.74	3.06	-2.74
843.2	0	2.76	3.06	-2.74
843.3	0	2.76	-3.04	-3.04
843.4	0	2.76	-3.04	-3.04
843.5	0	-3.04	-3.04	-3.04
843.6	0	2.86	-2.94	-2.94
843.7	0	2.86	-2.94	-3.04
843.8	0	-2.94	-3.04	-3.04
843.9	0	-2.94	-3.04	-2.94
844	0	-2.94	-2.84	-2.84
844.1	0	2.96	-2.84	-2.84
844.2	0	-2.84	-2.94	-2.94
844.3	0	-2.84	-2.94	-2.84
844.4	0	-2.34	-2.84	-2.84
844.5	0	-2.54	-2.84	-2.74
844.6	0	-2.74	-2.84	-2.74
844.7	0	-2.74	-2.84	-2.74
844.8	0	-2.24	-2.84	-2.74
844.9	0	-3.04	-2.64	-2.64
845	0	-3.04	-2.74	-2.64
845.1	0	-2.64	-2.64	-2.64
845.2	0	-2.14	-2.64	-2.64
845.3	0	-2.34	-2.74	-2.54
845.4	0	-2.54	-2.64	-2.54
845.5	0	-2.04	-2.54	-2.54
845.6	0	-2.44	-2.64	-2.64
845.7	0	-2.84	-2.54	-2.54
845.8	0	-2.44	-2.54	-2.44
845.9	0	-1.94	-2.54	-2.54
846	0	-2.74	-2.44	-2.44
846.1	0	-2.74	-2.44	-2.54
846.2	0	-1.84	-2.54	-2.34
846.3	0	-2.04	-2.44	-2.44
846.4	0	-2.04	-2.34	-2.34
846.5	0	-2.24	-2.44	-2.44
846.6	0	-1.74	-2.34	-2.34
846.7	0	-2.54	-2.34	-2.34
846.8	0	-1.94	-2.24	-2.24
846.9	0	-2.14	-2.24	-2.24
847	0	-1.64	-2.24	-2.24
847.1	0	-2.44	-2.34	-2.24
847.2	0	-1.54	-2.14	-2.24
847.3	0	-2.04	-2.14	-2.14
847.4	0	-1.74	-2.14	-2.14
847.5	0	-1.74	-2.14	-2.14
847.6	0	-2.34	-2.04	-2.04
847.7	0	-1.94	-2.04	-2.04
847.8	0	-1.64	-2.04	-2.04
847.9	0	-1.64	-2.04	-2.04
848	0	-1.64	-1.94	-2.04
848.1	0	-1.74	-1.94	-1.94
848.2	0	-1.74	-1.94	-1.94
848.3	0	-1.54	-1.94	-1.94
848.4	0	-1.24	-1.84	-1.84
848.5	0	-1.44	-1.84	-1.84
848.6	0	-1.14	-1.84	-1.84
848.7	0	-1.44	-1.84	-1.84
848.8	0	-1.64	-1.74	-1.74
848.9	0	-1.34	-1.84	-1.74
849	0	-1.34	-1.74	-1.74
849.1	0	-1.94	-1.74	-1.74
849.2	0	-1.04	-1.64	-1.64
849.3	0	-1.24	-1.64	-1.64
849.4	0	-1.24	-1.64	-1.64
849.5	0	-0.94	-1.64	-1.64
849.6	0	-1.64	-1.54	-1.54
849.7	0	-1.34	-1.64	-1.54
849.8	0	-1.14	-1.54	-1.54
849.9	0	-0.84	-1.44	-1.44
850	0	-1.14	-1.44	-1.44
850.1	0	-1.24	-1.44	-1.44
850.2	0	-1.04	-1.44	-1.44
850.3	0	-1.04	-1.34	-1.34
850.4	0	-0.94	-1.34	-1.34
850.5	0	-0.94	-1.44	-1.44
850.6	0	-1.54	-1.34	-1.34
850.7	0	-0.94	-1.24	-1.24
850.8	0	-0.84	-1.24	-1.24
850.9	0	-0.84	-1.24	-1.24
851	0	-0.84	-1.14	-1.14
851.1	0	-0.84	-1.14	-1.14
851.2	0	-0.94	-1.14	-1.14
851.3	0	-0.74	-1.04	-1.04
851.4	0	-0.74	-1.04	-1.04
851.5	0	-0.74	-1.14	-1.04
851.6	0	-0.84	-0.94	-1.04
851.7	0	-0.64	-0.94	-0.94
851.8	0	-0.64	-1.04	-1.04
851.9	0	-0.74	-0.84	-0.94
852	0	-0.54	-0.84	-0.84
852.1	0	-0.54	-0.94	-0.54
852.2	0	-0.14	-0.84	-0.84
852.3	0	-0.44	-0.74	-0.74
852.4	0	-0.44	-0.74	-0.44
852.5	0	-0.44	-0.74	-0.74
852.6	0	-0.54	-0.64	-0.64
852.7	0	-0.34	-0.64	-0.64
852.8	0	-0.34	-0.64	-0.64
852.9	0	-0.24	-0.54	-0.54
853	0	-0.24	-0.54	-0.54
853.1	0	-0.24	-0.54	-0.54
853.2	0	-0.34	-0.44	-0.44
853.3	0	-0.14	-0.44	-0.44
853.4	0	-0.14	-0.54	-0.44
853.5	0	-0.14	-0.34	-0.14
853.6	0	-0.04	-0.34	-0.34
853.7	0	-0.04	0.06	-0.34
853.8	0	-0.04	-0.24	-0.04
853.9	0	-0.04	-0.24	-0.04
854	0	0.06	-0.34	-0.24
854.1	0	0.06	-0.34	0.06
854.2	0	0.06	-0.14	0.06
854.3	0	0.06	-0.14	0.06
854.4	0	0.16	-0.14	-0.14
854.5	0	0.16	-0.14	-0.14
854.6	0	0.16	-0.04	0.16
854.7	0	0.16	-0.04	0.16
854.8	0	0.26	-0.14	0.26
854.9	0	0.26	0.06	-0.04
855	0	0.26	-0.04	-0.04
855.1	0	0.26	0.06	0.26
855.2	0	0.36	-0.04	0.36
855.3	0	0.36	0.16	0.36
855.4	0	0.36	0.16	0.06
855.5	0	0.36	0.36	0.36
855.6	0	0.46	0.26	0.36
855.7	0	0.46	0.26	0.46
855.8	0	0.46	0.16	0.16
855.9	0	0.46	0.16	0.26
856	0	0.46	0.36	0.46
856.1	0	0.56	0.26	0.56
856.2	0	0.56	0.26	0.26
856.3	0	0.56	0.36	0.36
856.4	0	0.56	0.26	0.56
856.5	0	0.56	0.36	0.36
856.6	0	0.66	0.36	0.36
856.7	0	0.66	0.46	0.66
856.8	0	0.66	0.36	0.46
856.9	0	0.66	0.36	0.36
857	0	0.66	0.46	0.46
857.1	0	0.76	0.56	0.56
857.2	0	0.76	0.46	0.76
857.3	0	0.76	0.46	0.46
857.4	0	0.76	0.56	0.56
857.5	0	0.86	0.56	0.56
857.6	0	0.86	0.66	0.66
857.7	0	0.86	0.56	0.86
857.8	0	0.76	0.66	0.66
857.9	0	0.86	0.66	0.66
858	0	0.86	0.66	0.66
858.1	0	0.96	0.76	0.76
858.2	0	0.96	0.76	0.76
858.3	0	0.86	0.76	0.76
858.4	0	0.76	0.76	0.76
858.5	0	1.06	0.76	0.76
858.6	0	1.06	0.86	1.06
858.7	0	1.06	0.86	0.86
858.8	0	0.86	0.86	0.86
858.9	0	0.96	0.86	0.86
859	0	1.16	0.96	0.96
859.1	0	1.16	0.96	0.96
859.2	0	1.16	0.96	0.96
859.3	0	0.96	0.96	0.96
859.4	0	1.06	0.96	1.06
859.5	0	1.26	1.06	1.06
859.6	0	1.26	1.06	1.06
859.7	0	1.06	1.06	1.06
859.8	0	1.36	1.16	1.16
859.9	0	1.36	1.16	1.16
860	0	1.26	1.16	1.16
860.1	0	0.96	1.16	1.16
860.2	0	1.46	1.16	1.16
860.3	0	1.36	1.26	1.26
860.4	0	1.46	1.26	1.26
860.5	0	1.36	1.26	1.26
860.6	0	1.56	1.26	1.26
860.7	0	1.56	1.36	1.36
860.8	0	1.36	1.36	1.36
860.9	0	1.16	1.36	1.36
861	0	1.16	1.36	1.36
861.1	0	1.16	1.46	1.46
861.2	0	1.16	1.46	1.46
861.3	0	1.56	1.46	1.46
861.4	0	1.26	1.46	1.46
861.5	0	1.26	1.56	1.56
861.6	0	1.26	1.56	1.56
861.7	0	1.66	1.56	1.46
861.8	0	1.36	1.56	1.56
861.9	0	1.36	1.66	1.66
862	0	1.36	1.66	1.66
862.1	0	2.06	1.66	1.56
862.2	0	1.46	1.66	1.66
862.3	0	1.46	1.76	1.76
862.4	0	1.46	1.76	1.76
862.5	0	1.06	1.76	1.66
862.6	0	1.56	1.86	1.86
862.7	0	1.56	1.86	1.86
862.8	0	1.56	1.86	1.86
862.9	0	2.16	1.96	1.96
863	0	1.66	1.96	1.96
863.1	0	1.76	1.96	1.96
863.2	0	2.26	1.96	1.76
863.3	0	2.26	2.06	2.06
863.4	0	1.76	2.06	2.06
863.5	0	2.36	1.96	1.96
863.6	0	2.36	2.16	2.16
863.7	0	1.86	2.16	2.16
863.8	0	2.46	2.16	1.96
863.9	0	2.46	2.26	2.26
864	0	1.96	2.26	2.26
864.1	0	2.06	2.26	2.36
864.2	0	2.56	2.36	2.76
864.3	0	2.56	2.36	2.36
864.4	0	2.06	2.36	2.36
864.5	0	2.16	2.46	2.46
864.6	0	2.66	2.46	2.46
864.7	0	2.16	2.46	2.46
864.8	0	2.26	2.56	2.56
864.9	0	2.96	2.56	2.56
865	0	2.76	2.56	2.56
865.1	0	2.26	2.66	2.66
865.2	0	2.36	2.66	2.66
865.3	0	2.86	2.66	2.66
865.4	0	2.86	2.76	2.66
865.5	0	2.36	2.76	2.76
865.6	0	2.46	2.76	2.76
865.7	0	2.96	2.76	2.96
865.8	0	2.46	2.86	2.86
865.9	0	2.46	2.86	2.86
866	0	2.46	2.86	2.86
866.1	0	3.06	2.96	2.96
866.2	0	2.56	2.96	2.96
866.3	0	2.56	2.96	2.96
866.4	0	2.56	2.96	2.96
866.5	0	-2.94	3.06	3.06
866.6	0	2.66	3.06	3.06
866.7	0	2.66	3.06	3.06
866.8	0	-3.04	3.06	3.06
866.9	0	2.76	3.06	3.06
867	0	2.76	-2.74	-2.74
867.1	0	-2.94	-3.04	-3.04
867.2	0	-2.94	-3.04	-3.04
867.3	0	-2.74	-3.04	-3.04
867.4	0	2.86	-3.04	-3.04
867.5	0	-2.84	-2.94	-3.04
867.6	0	2.96	-3.04	-2.94
867.7	0	-2.94	-2.94	-2.94
867.8	0	-2.44	-2.94	-2.94
867.9	0	2.96	-2.94	-2.94
868	0	3.06	-2.94	-2.84
868.1	0	3.06	-2.84	-2.84
868.2	0	-2.64	-2.84	-2.84
868.3	0	3.06	-2.84	-2.74
868.4	0	-2.74	-2.74	-2.74
868.5	0	-3.04	-2.74	-2.74
868.6	0	-2.54	-2.74	-2.74
868.7	0	-3.04	-2.74	-2.64
868.8	0	-3.04	-2.64	-2.64
868.9	0	-2.14	-2.64	-2.64
869	0	-3.04	-2.74	-2.74
869.1	0	-2.94	-2.64	-2.64
869.2	0	-2.94	-2.64	-2.54
869.3	0	-2.04	-2.54	-2.54
869.4	0	-2.94	-2.54	-2.54
869.5	0	-2.84	-2.54	-2.54
869.6	0	-2.84	-2.54	-2.44
869.7	0	-1.94	-2.44	-2.44
869.8	0	-2.24	-2.44	-2.44
869.9	0	-2.74	-2.44	-2.44
870	0	-1.84	-2.44	-2.44
870.1	0	-2.74	-2.44	-2.34
870.2	0	-2.64	-2.34	-2.34
870.3	0	-2.64	-2.34	-2.34
870.4	0	-1.94	-2.34	-2.34
870.5	0	-2.04	-2.34	-2.34
870.6	0	-1.64	-2.24	-2.24
870.7	0	-2.54	-2.24	-2.24
870.8	0	-1.84	-2.24	-2.24
870.9	0	-1.94	-2.34	-2.24
871	0	-1.54	-2.14	-2.14
871.1	0	-1.54	-2.14	-2.14
871.2	0	-1.74	-2.14	-2.14
871.3	0	-2.34	-2.14	-2.14
871.4	0	-1.44	-2.04	-2.04
871.5	0	-1.64	-2.04	-2.04
871.6	0	-1.74	-2.04	-2.04
871.7	0	-1.64	-2.04	-2.04
871.8	0	-1.34	-1.94	-1.94
871.9	0	-1.54	-1.94	-1.94
872	0	-1.64	-1.94	-1.94
872.1	0	-1.24	-1.94	-1.94
872.2	0	-2.14	-1.84	-1.84
872.3	0	-1.44	-1.84	-1.84
872.4	0	-1.54	-1.84	-1.84
872.5	0	-1.14	-1.84	-1.84
872.6	0	-1.14	-1.74	-1.74
872.7	0	-1.34	-1.74	-1.74
872.8	0	-1.44	-1.74	-1.74
872.9	0	-1.94	-1.74	-1.74
873	0	-1.24	-1.64	-1.64
873.1	0	-1.24	-1.64	-1.64
873.2	0	-1.24	-1.64	-1.64
873.3	0	-0.94	-1.64	-1.64
873.4	0	-1.14	-1.54	-1.54
873.5	0	-1.24	-1.54	-1.54
873.6	0	-1.74	-1.54	-1.54
873.7	0	-0.84	-1.54	-1.54
873.8	0	-1.04	-1.44	-1.44
873.9	0	-1.14	-1.44	-1.44
874	0	-0.74	-1.44	-1.44
874.1	0	-1.64	-1.34	-1.34
874.2	0	-0.94	-1.34	-1.34
874.3	0	-0.94	-1.44	-1.34
874.4	0	-1.54	-1.34	-1.34
874.5	0	-0.84	-1.24	-1.24
874.6	0	-0.94	-1.24	-1.24
874.7	0	-0.94	-1.24	-1.24
874.8	0	-1.44	-1.14	-1.14
874.9	0	-0.74	-1.14	-1.14
875	0	-0.84	-1.14	-1.14
875.1	0	-0.74	-1.04	-1.14
875.2	0	-1.34	-1.04	-1.04
875.3	0	-1.04	-1.04	-1.04
875.4	0	-0.74	-1.04	-1.04
875.5	0	-1.24	-0.94	-0.94
875.6	0	-0.74	-0.94	-0.94
875.7	0	-0.54	-0.84	-0.94
875.8	0	-0.64	-0.84	-0.84
875.9	0	-0.54	-0.84	-0.84
876	0	-0.64	-0.84	-0.84
876.1	0	-0.54	-0.74	-0.74
876.2	0	-0.44	-0.74	-0.74
876.3	0	-0.74	-0.74	-0.74
876.4	0	-0.44	-0.64	-0.74
876.5	0	-0.34	-0.64	-0.64
876.6	0	-0.34	-0.64	-0.64
876.7	0	-0.34	-0.64	-0.64
876.8	0	-0.84	-0.54	-0.54
876.9	0	-0.34	-0.54	-0.54
877	0	-0.34	-0.44	-0.54
877.1	0	-0.24	-0.44	-0.44
877.2	0	-0.14	-0.44	-0.44
877.3	0	-0.14	-0.34	-0.44
877.4	0	-0.04	-0.34	-0.44
877.5	0	-0.04	-0.34	-0.34
877.6	0	-0.14	-0.34	-0.34
877.7	0	-0.04	-0.24	-0.54
877.8	0	-0.04	-0.24	-0.24
877.9	0	0.06	-0.24	-0.24
878	0	0.06	-0.14	-0.24
878.1	0	0.06	-0.14	-0.24
878.2	0	0.16	-0.14	-0.14
878.3	0	0.06	-0.14	-0.14
878.4	0	0.16	-0.04	-0.14
878.5	0	0.16	-0.04	-0.14
878.6	0	0.26	0.06	0.26
878.7	0	0.16	0.06	-0.04
878.8	0	0.26	-0.04	-0.04
878.9	0	0.26	0.06	0.06
879	0	0.36	0.16	0.36
879.1	0	0.36	0.16	0.06
879.2	0	0.26	0.06	0.06
879.3	0	0.36	0.16	0.16
879.4	0	0.36	0.06	0.06
879.5	0	0.46	0.16	0.16
879.6	0	0.36	0.16	0.16
879.7	0	0.46	0.16	0.26
879.8	0	0.46	0.16	0.46
879.9	0	0.56	0.26	0.26
880	0	0.56	0.36	0.26
880.1	0	0.56	0.36	0.36
880.2	0	0.56	0.26	0.56
880.3	0	0.56	0.46	0.36
880.4	0	0.66	0.46	0.36
880.5	0	0.66	0.46	0.46
880.6	0	0.66	0.36	0.36
880.7	0	0.66	0.46	0.46
880.8	0	0.66	0.56	0.56
880.9	0	0.76	0.56	0.46
881	0	0.76	0.46	0.76
881.1	0	0.76	0.46	0.46
881.2	0	0.76	0.46	0.46
881.3	0	0.76	0.66	0.56
881.4	0	0.86	0.66	0.66
881.5	0	0.86	0.56	0.66
881.6	0	0.86	0.66	0.66
881.7	0	0.66	0.76	0.66
881.8	0	0.86	0.66	0.66
881.9	0	0.96	0.76	0.76
882	0	0.96	0.66	0.76
882.1	0	0.96	0.66	0.66
882.2	0	0.96	0.86	0.76
882.3	0	0.96	0.86	0.76
882.4	0	1.06	0.86	0.86
882.5	0	1.06	0.86	0.86
882.6	0	1.16	0.76	0.76
882.7	0	1.16	0.96	0.96
882.8	0	1.06	0.96	0.96
882.9	0	1.16	0.96	0.96
883	0	1.16	0.86	0.96
883.1	0	0.96	0.96	0.96
883.2	0	1.06	1.06	1.06
883.3	0	1.16	1.06	1.06
883.4	0	0.86	1.06	1.06
883.5	0	1.06	0.96	1.06
883.6	0	1.36	0.96	1.06
883.7	0	1.36	1.16	1.16
883.8	0	0.96	1.16	1.16
883.9	0	1.46	1.16	1.06
884	0	0.96	1.16	1.16
884.1	0	1.26	1.26	1.26
884.2	0	1.36	1.26	1.26
884.3	0	1.06	1.26	1.06
884.4	0	1.06	1.16	1.16
884.5	0	1.06	1.36	1.36
884.6	0	1.66	1.36	1.36
884.7	0	1.46	1.36	1.16
884.8	0	1.16	1.36	1.36
884.9	0	1.46	1.46	1.46
885	0	1.16	1.46	1.46
885.1	0	1.56	1.46	1.46
885.2	0	1.26	1.46	1.26
885.3	0	1.26	1.56	1.56
885.4	0	1.26	1.56	1.56
885.5	0	1.66	1.56	1.46
885.6	0	1.36	1.56	1.36
885.7	0	1.36	1.66	1.66
885.8	0	1.36	1.66	1.66
885.9	0	1.36	1.56	1.56
886	0	1.46	1.66	1.76
886.1	0	1.46	1.76	1.76
886.2	0	1.46	1.76	1.76
886.3	0	1.46	1.66	1.66
886.4	0	2.26	1.66	1.86
886.5	0	1.56	1.86	1.86
886.6	0	1.56	1.76	1.76
886.7	0	2.36	1.76	1.96
886.8	0	1.16	1.96	1.96
886.9	0	1.66	1.96	1.96
887	0	2.46	1.86	2.06
887.1	0	2.26	2.06	2.06
887.2	0	1.76	2.06	2.06
887.3	0	2.56	1.96	2.16
887.4	0	2.56	2.16	2.16
887.5	0	1.36	2.16	2.16
887.6	0	2.66	2.06	2.26
887.7	0	2.66	2.06	2.06
887.8	0	2.66	2.26	2.26
887.9	0	2.76	2.16	2.36
888	0	2.76	2.16	2.76
888.1	0	2.76	2.36	2.36
888.2	0	2.06	2.26	2.36
888.3	0	2.86	2.26	2.86
888.4	0	2.86	2.46	2.46
888.5	0	2.86	2.46	2.46
888.6	0	2.96	2.36	2.56
888.7	0	2.96	2.56	2.96
888.8	0	2.96	2.56	2.96
888.9	0	2.26	2.46	2.66
889	0	3.06	2.66	2.66
889.1	0	3.06	2.66	2.66
889.2	0	3.06	2.56	3.06
889.3	0	2.36	2.76	2.76
889.4	0	1.86	2.76	2.76
889.5	0	2.96	2.66	2.66
889.6	0	-3.04	2.86	2.86
889.7	0	-3.04	2.86	-3.04
889.8	0	-3.04	2.76	-3.04
889.9	0	2.46	2.96	2.96
890	0	-2.94	2.96	2.96
890.1	0	-2.94	-2.94	-2.94
890.2	0	-2.94	3.06	3.06
890.3	0	-2.84	3.06	3.06
890.4	0	3.06	2.96	3.06
890.5	0	-2.84	2.96	-2.84
890.6	0	-2.84	2.96	-2.84
890.7	0	-2.74	3.06	3.06
890.8	0	-2.74	3.06	-2.74
890.9	0	-2.94	-3.04	-3.04
891	0	-2.74	-3.04	-3.04
891.1	0	-3.04	-3.04	-3.04
891.2	0	-2.64	-3.04	-3.04
891.3	0	2.86	-2.94	-2.94
891.4	0	-2.94	-2.94	-2.94
891.5	0	-2.94	-3.04	-2.94
891.6	0	-2.94	-3.04	-2.94
891.7	0	-2.54	-2.84	-2.84
891.8	0	-2.84	-2.84	-2.84
891.9	0	-2.84	-2.94	-2.84
892	0	-2.84	-2.94	-2.84
892.1	0	-2.44	-2.74	-2.74
892.2	0	-2.74	-2.74	-2.74
892.3	0	-2.74	-2.84	-2.74
892.4	0	-2.74	-2.84	-2.74
892.5	0	-3.04	-2.64	-2.64
892.6	0	-2.64	-2.64	-2.64
892.7	0	-2.64	-2.74	-2.64
892.8	0	-3.04	-2.74	-2.64
892.9	0	-2.54	-2.74	-2.54
893	0	-2.54	-2.54	-2.54
893.1	0	-2.54	-2.64	-2.54
893.2	0	-2.94	-2.54	-2.64
893.3	0	-2.44	-2.64	-2.44
893.4	0	-2.44	-2.44	-2.44
893.5	0	-2.84	-2.44	-2.44
893.6	0	-2.04	-2.44	-2.44
893.7	0	-2.34	-2.54	-2.34
893.8	0	-2.34	-2.34	-2.34
893.9	0	-2.74	-2.34	-2.34
894	0	-2.24	-2.34	-2.34
894.1	0	-2.24	-2.44	-2.44
894.2	0	-2.24	-2.44	-2.24
894.3	0	-2.64	-2.24	-2.24
894.4	0	-2.54	-2.34	-2.34
894.5	0	-2.54	-2.24	-2.24
894.6	0	-2.54	-2.14	-2.14
894.7	0	-2.54	-2.14	-2.24
894.8	0	-2.04	-2.14	-2.24
894.9	0	-2.04	-2.14	-2.14
895	0	-2.44	-2.14	-2.14
895.1	0	-2.44	-2.14	-2.14
895.2	0	-2.34	-2.04	-2.04
895.3	0	-1.94	-2.04	-2.14
895.4	0	-2.34	-2.04	-2.04
895.5	0	-2.24	-2.14	-2.14
895.6	0	-2.24	-1.94	-1.94
895.7	0	-1.84	-1.94	-1.94
895.8	0	-2.24	-1.94	-1.94
895.9	0	-2.14	-1.94	-1.94
896	0	-1.74	-1.84	-1.94
896.1	0	-2.14	-1.84	-1.84
896.2	0	-2.14	-1.94	-1.84
896.3	0	-1.64	-1.84	-1.84
896.4	0	-2.04	-1.74	-1.74
896.5	0	-2.04	-1.74	-1.74
896.6	0	-2.04	-1.84	-1.74
896.7	0	-1.54	-1.74	-1.74
896.8	0	-1.94	-1.64	-1.64
896.9	0	-1.94	-1.64	-1.64
897	0	-1.84	-1.74	-1.74
897.1	0	-1.44	-1.74	-1.64
897.2	0	-1.84	-1.54	-1.54
897.3	0	-1.24	-1.54	-1.54
897.4	0	-1.74	-1.64	-1.54
897.5	0	-1.34	-1.44	-1.44
897.6	0	-1.74	-1.44	-1.44
897.7	0	-2.24	-1.44	-1.44
897.8	0	-1.64	-1.54	-1.44
897.9	0	-0.94	-1.54	-0.94
898	0	-1.64	-1.44	-1.34
898.1	0	-0.84	-1.44	-1.44
898.2	0	-1.54	-1.44	-0.84
898.3	0	-0.84	-1.24	-1.24
898.4	0	-0.54	-1.34	-1.34
898.5	0	-0.74	-1.34	-0.74
898.6	0	-0.74	-1.34	-1.24
898.7	0	-0.74	-1.14	-1.14
898.8	0	-0.94	-1.24	-0.64
898.9	0	-0.64	-1.24	-1.04
899	0	-0.64	-1.04	-1.04
899.1	0	-0.64	-1.14	-1.14
899.2	0	-0.84	-1.14	-1.14
899.3	0	-0.54	-0.94	-0.94
899.4	0	-0.54	-1.04	-1.04
899.5	0	-0.94	-1.04	-1.04
899.6	0	-0.44	-0.84	-0.84
899.7	0	-1.14	-0.94	-0.94
899.8	0	-1.14	-0.94	-0.94
899.9	0	-0.84	-0.94	-0.94
900	0	-0.34	-0.84	-0.84
900.1	0	-1.04	-0.84	-0.84
900.2	0	-0.74	-0.84	-0.84
900.3	0	-0.24	-0.74	-0.74
900.4	0	-0.34	-0.74	-0.74
900.5	0	-0.24	-0.74	-0.74
900.6	0	-0.14	-0.54	-0.54
900.7	0	-0.14	-0.64	-0.64
900.8	0	-0.14	-0.64	-0.64
900.9	0	-0.04	-0.44	-0.44
901	0	-0.04	-0.54	-0.54
901.1	0	-0.14	-0.54	-0.54
901.2	0	-0.04	-0.34	-0.34
901.3	0	0.06	-0.44	-0.44
901.4	0	-0.04	-0.44	-0.44
901.5	0	-0.04	-0.24	-0.04
901.6	0	0.06	-0.24	0.06
901.7	0	0.16	-0.34	0.16
901.8	0	0.06	-0.34	-0.14
901.9	0	0.06	-0.24	-0.24
902	0	0.16	0.16	0.16
902.1	0	0.16	-0.24	-0.24
902.2	0	0.16	-0.04	-0.14
902.3	0	0.16	-0.14	-0.14
902.4	0	0.26	-0.14	0.26
902.5	0	0.16	0.06	0.06
902.6	0	0.26	0.06	-0.04
902.7	0	0.26	-0.04	-0.04
902.8	0	0.06	-0.04	0.36
902.9	0	0.36	0.16	0.16
903	0	0.46	0.06	0.06
903.1	0	0.36	0.06	0.06
903.2	0	0.36	0.06	0.06
903.3	0	0.46	0.26	0.46
903.4	0	0.56	0.16	0.16
903.5	0	0.46	0.16	0.16
903.6	0	0.46	0.16	0.36
903.7	0	0.56	0.36	0.56
903.8	0	0.56	0.36	0.26
903.9	0	0.66	0.26	0.26
904	0	0.36	0.26	0.26
904.1	0	0.56	0.46	0.46
904.2	0	0.66	0.46	0.66
904.3	0	0.66	0.36	0.36
904.4	0	0.66	0.36	0.36
904.5	0	0.66	0.56	0.56
904.6	0	0.66	0.56	0.56
904.7	0	0.76	0.46	0.46
904.8	0	0.76	0.46	0.46
904.9	0	0.76	0.46	0.66
905	0	0.86	0.66	0.66
905.1	0	0.76	0.56	0.56
905.2	0	0.86	0.66	0.56
905.3	0	0.66	0.56	0.66
905.4	0	0.86	0.76	0.76
905.5	0	0.96	0.76	0.76
905.6	0	0.86	0.76	0.66
905.7	0	0.96	0.66	0.66
905.8	0	0.86	0.66	0.96
905.9	0	0.56	0.86	0.86
906	0	1.06	0.86	0.86
906.1	0	0.76	0.76	0.76
906.2	0	0.96	0.86	0.96
906.3	0	0.96	0.76	0.86
906.4	0	1.16	0.96	0.96
906.5	0	1.16	0.96	0.96
906.6	0	1.06	0.96	0.96
906.7	0	1.06	0.96	0.96
906.8	0	0.76	0.86	0.96
906.9	0	1.26	0.96	0.96
907	0	1.06	1.06	1.06
907.1	0	1.16	1.06	1.06
907.2	0	1.26	1.06	1.06
907.3	0	0.86	1.06	1.06
907.4	0	0.86	1.06	1.06
907.5	0	1.16	1.06	1.16
907.6	0	1.26	1.16	1.16
907.7	0	0.96	1.16	1.16
907.8	0	0.96	1.16	1.16
907.9	0	0.96	1.16	1.26
908	0	1.46	1.26	1.26
908.1	0	1.06	1.26	1.26
908.2	0	1.06	1.16	1.16
908.3	0	1.06	1.26	1.36
908.4	0	1.06	1.36	1.36
908.5	0	1.46	1.36	1.36
908.6	0	1.16	1.36	1.36
908.7	0	1.16	1.36	1.46
908.8	0	1.16	1.46	1.46
908.9	0	1.16	1.46	1.46
909	0	1.26	1.36	1.36
909.1	0	1.26	1.46	1.46
909.2	0	1.26	1.46	1.56
909.3	0	1.26	1.56	1.56
909.4	0	1.96	1.46	1.46
909.5	0	1.36	1.56	1.66
909.6	0	1.36	1.56	1.66
909.7	0	1.36	1.66	1.66
909.8	0	2.06	1.56	1.56
909.9	0	1.46	1.66	1.66
910	0	1.46	1.76	1.76
910.1	0	1.46	1.66	1.66
910.2	0	1.06	1.66	1.66
910.3	0	1.16	1.86	1.86
910.4	0	2.26	1.86	1.86
910.5	0	1.56	1.76	1.76
910.6	0	1.16	1.86	2.06
910.7	0	2.36	1.96	1.96
910.8	0	1.26	1.86	1.86
910.9	0	2.46	1.86	1.86
911	0	1.26	2.06	2.06
911.1	0	1.76	1.96	1.96
911.2	0	2.56	1.96	1.96
911.3	0	1.36	2.16	2.16
911.4	0	1.36	2.06	2.16
911.5	0	2.66	2.06	2.06
911.6	0	2.66	2.26	2.26
911.7	0	1.46	2.16	2.26
911.8	0	2.76	2.16	2.16
911.9	0	1.56	2.26	2.36
912	0	1.56	2.36	2.36
912.1	0	1.56	2.26	2.26
912.2	0	2.86	2.46	2.46
912.3	0	1.66	2.46	2.46
912.4	0	1.66	2.36	2.36
912.5	0	1.66	2.36	2.56
912.6	0	3.06	2.46	2.56
912.7	0	1.76	2.46	2.46
912.8	0	1.76	2.46	2.66
912.9	0	1.76	2.66	2.66
913	0	2.26	2.56	2.56
913.1	0	1.86	2.56	3.06
913.2	0	1.86	2.66	2.76
913.3	0	1.86	2.66	2.66
913.4	0	-3.04	2.66	2.96
913.5	0	2.46	2.76	2.86
913.6	0	1.96	2.76	2.76
913.7	0	3.06	2.76	3.06
913.8	0	2.06	-3.04	-3.04
913.9	0	-3.04	2.86	-3.04
914	0	2.56	2.86	3.06
914.1	0	2.56	2.86	3.06
914.2	0	2.16	2.96	3.06
914.3	0	2.76	2.96	2.96
914.4	0	-2.74	2.96	2.96
914.5	0	2.66	3.06	3.06
914.6	0	2.26	3.06	3.06
914.7	0	2.86	3.06	3.06
914.8	0	2.76	3.06	-2.94
914.9	0	-2.64	-3.04	-3.04
915	0	2.36	-2.94	-2.94
915.1	0	2.86	-2.94	-2.94
915.2	0	2.86	-3.04	-2.94
915.3	0	-2.94	-3.04	-3.04
915.4	0	2.96	-3.04	-3.04
915.5	0	2.96	-2.84	-2.84
915.6	0	2.96	-2.94	-2.84
915.7	0	3.06	-2.94	-2.94
915.8	0	-2.54	-2.94	-2.94
915.9	0	3.06	-2.74	-2.74
916	0	-2.74	-2.84	-2.74
916.1	0	-2.74	-2.84	-2.84
916.2	0	-2.44	-2.84	-2.84
916.3	0	-3.04	-2.64	-2.64
916.4	0	-3.04	-2.74	-2.64
916.5	0	-2.14	-2.74	-2.64
916.6	0	-3.04	-2.74	-2.74
916.7	0	-2.94	-2.74	-2.74
916.8	0	-2.94	-2.54	-2.54
916.9	0	-2.94	-2.64	-2.64
917	0	-2.24	-2.64	-2.64
917.1	0	-1.94	-2.44	-2.44
917.2	0	-2.84	-2.54	-2.44
917.3	0	-2.84	-2.54	-2.54
917.4	0	-2.14	-2.54	-2.54
917.5	0	-2.74	-2.34	-2.34
917.6	0	-2.74	-2.34	-2.34
917.7	0	-2.74	-2.44	-2.44
917.8	0	-1.74	-2.44	-2.44
917.9	0	-2.64	-2.34	-2.34
918	0	-2.64	-2.24	-2.24
918.1	0	-2.64	-2.34	-2.14
918.2	0	-1.64	-2.24	-2.34
918.3	0	-2.54	-2.34	-2.14
918.4	0	-2.54	-2.34	-2.14
918.5	0	-2.54	-2.24	-2.24
918.6	0	-1.54	-2.14	-2.24
918.7	0	-2.44	-2.24	-2.24
918.8	0	-2.44	-2.14	-2.14
918.9	0	-1.44	-2.04	-2.14
919	0	-2.34	-2.04	-2.14
919.1	0	-2.34	-2.04	-1.94
919.2	0	-2.34	-2.04	-2.04
919.3	0	-1.34	-2.04	-2.04
919.4	0	-2.24	-2.04	-2.04
919.5	0	-2.24	-1.94	-1.94
919.6	0	-2.24	-2.04	-1.94
919.7	0	-2.14	-1.94	-1.94
919.8	0	-2.14	-1.94	-1.94
919.9	0	-2.14	-1.84	-1.84
920	0	-1.14	-1.94	-1.84
920.1	0	-2.04	-1.84	-1.84
920.2	0	-2.04	-1.84	-1.84
920.3	0	-2.04	-1.74	-1.74
920.4	0	-1.34	-1.74	-1.74
920.5	0	-1.94	-1.74	-1.74
920.6	0	-1.94	-1.74	-1.74
920.7	0	-1.94	-1.64	-1.64
920.8	0	-0.94	-1.74	-1.64
920.9	0	-1.84	-1.64	-1.84
921	0	-1.84	-1.64	-1.54
921.1	0	-1.14	-1.54	-1.54
921.2	0	-1.74	-1.64	-1.64
921.3	0	-1.74	-1.54	-1.34
921.4	0	-1.74	-1.44	-1.44
921.5	0	-1.04	-1.44	-1.44
921.6	0	-1.64	-1.54	-1.44
921.7	0	-1.64	-1.44	-1.44
921.8	0	-1.64	-1.34	-1.34
921.9	0	-0.64	-1.44	-1.44
922	0	-1.54	-1.44	-1.14
922.1	0	-1.54	-1.34	-1.34
922.2	0	-0.54	-1.24	-1.24
922.3	0	-1.54	-1.34	-1.34
922.4	0	-0.74	-1.24	-1.24
922.5	0	-1.44	-1.14	-1.14
922.6	0	-0.74	-1.24	-1.24
922.7	0	-0.74	-1.24	-1.14
922.8	0	-0.64	-1.14	-1.04
922.9	0	-1.34	-1.14	-1.14
923	0	-1.04	-1.14	-0.84
923.1	0	-1.24	-1.04	-0.94
923.2	0	-1.24	-1.04	-1.04
923.3	0	-1.24	-1.04	-1.04
923.4	0	-0.54	-0.94	-0.94
923.5	0	-1.14	-0.94	-0.94
923.6	0	-1.14	-0.94	-0.94
923.7	0	-0.84	-0.94	-0.84
923.8	0	-1.04	-0.84	-0.84
923.9	0	-0.44	-0.84	-0.84
924	0	-1.04	-0.84	-0.74
924.1	0	-0.34	-0.74	-0.74
924.2	0	-0.34	-0.74	-0.74
924.3	0	-0.94	-0.74	-0.74
924.4	0	-0.64	-0.64	-0.64
924.5	0	-0.24	-0.64	-0.64
924.6	0	-0.84	-0.64	-0.64
924.7	0	-0.14	-0.54	-0.54
924.8	0	-0.14	-0.54	-0.54
924.9	0	-0.74	-0.54	-0.54
925	0	-0.74	-0.54	-0.04
925.1	0	-0.64	-0.44	-0.44
925.2	0	-0.64	-0.44	-0.14
925.3	0	-0.64	-0.44	-0.14
925.4	0	-0.54	-0.34	-0.34
925.5	0	-0.54	-0.34	-0.34
925.6	0	-0.54	-0.34	-0.04
925.7	0	-0.24	-0.24	-0.24
925.8	0	-0.44	-0.24	0.16
925.9	0	0.16	-0.24	-0.24
926	0	-0.34	0.06	0.06
926.1	0	0.06	-0.14	-0.14
926.2	0	-0.34	-0.14	-0.14
926.3	0	0.26	-0.14	0.26
926.4	0	0.16	-0.04	-0.04
926.5	0	0.26	-0.04	0.26
926.6	0	0.26	-0.04	-0.04
926.7	0	0.36	-0.04	0.36
926.8	0	0.06	0.06	0.06
926.9	0	0.36	0.06	0.06
927	0	0.36	0.06	0.36
927.1	0	0.46	0.16	0.46
927.2	0	0.46	0.16	0.16
927.3	0	0.46	0.16	0.16
927.4	0	0.26	0.16	0.46
927.5	0	0.46	0.26	0.46
927.6	0	0.56	0.26	0.26
927.7	0	0.46	0.26	0.26
927.8	0	0.36	0.26	0.46
927.9	0	0.56	0.36	0.56
928	0	0.56	0.36	0.36
928.1	0	0.66	0.36	0.66
928.2	0	0.66	0.36	0.56
928.3	0	0.46	0.56	0.56
928.4	0	0.66	0.46	0.66
928.5	0	0.76	0.46	0.46
928.6	0	0.76	0.46	0.46
928.7	0	0.76	0.66	0.66
928.8	0	0.66	0.76	0.76
928.9	0	0.76	0.66	0.76
929	0	0.86	0.66	0.86
929.1	0	0.86	0.56	0.86
929.2	0	0.66	0.56	0.76
929.3	0	0.46	0.66	0.86
929.4	0	0.86	0.76	0.86
929.5	0	0.66	0.66	0.66
929.6	0	0.96	0.96	0.96
929.7	0	0.76	0.86	0.76
929.8	0	0.96	0.96	0.96
929.9	0	0.96	0.86	0.76
930	0	0.76	0.86	0.76
930.1	0	1.06	0.76	1.06
930.2	0	0.86	0.96	0.86
930.3	0	1.06	0.96	1.06
930.4	0	1.06	0.96	0.76
930.5	0	1.16	0.96	1.16
930.6	0	0.76	0.86	0.86
930.7	0	0.76	1.06	1.06
930.8	0	0.96	1.06	1.06
930.9	0	1.26	1.06	1.06
931	0	1.26	1.06	1.06
931.1	0	0.86	0.96	0.96
931.2	0	0.86	1.26	1.26
931.3	0	0.86	1.16	1.16
931.4	0	1.36	1.16	1.16
931.5	0	0.96	1.16	1.16
931.6	0	0.96	1.06	1.16
931.7	0	0.96	1.26	1.26
931.8	0	0.96	1.26	1.16
931.9	0	1.06	1.26	1.26
932	0	1.06	1.16	1.16
932.1	0	1.06	1.36	1.36
932.2	0	1.06	1.36	1.36
932.3	0	1.06	1.36	1.36
932.4	0	1.16	1.26	1.36
932.5	0	1.16	1.36	1.36
932.6	0	1.16	1.36	1.46
932.7	0	1.16	1.46	1.36
932.8	0	1.26	1.36	1.36
932.9	0	1.26	1.46	1.46
933	0	1.26	1.56	1.56
933.1	0	1.26	1.56	1.56
933.2	0	1.36	1.46	1.46
933.3	0	1.36	1.56	1.56
933.4	0	1.36	1.66	1.66
933.5	0	1.36	1.66	1.66
933.6	0	1.76	1.56	1.56
933.7	0	1.46	1.66	1.66
933.8	0	1.46	1.76	1.76
933.9	0	1.46	1.66	1.66
934	0	1.46	1.76	1.76
934.1	0	1.56	1.76	1.76
934.2	0	1.56	1.86	1.76
934.3	0	1.16	1.76	1.76
934.4	0	1.66	1.86	1.86
934.5	0	1.66	1.96	1.96
934.6	0	1.26	1.96	1.96
934.7	0	1.26	1.86	1.86
934.8	0	1.76	2.06	1.96
934.9	0	1.76	2.06	2.06
935	0	1.76	1.96	1.96
935.1	0	1.36	2.06	2.06
935.2	0	1.36	2.16	2.16
935.3	0	1.86	2.06	2.06
935.4	0	1.46	2.16	2.16
935.5	0	1.96	2.26	2.16
935.6	0	1.96	2.16	2.16
935.7	0	1.56	2.26	2.26
935.8	0	1.56	2.26	2.26
935.9	0	1.56	2.26	2.26
936	0	2.06	2.36	2.36
936.1	0	1.66	2.46	2.36
936.2	0	1.66	2.36	2.36
936.3	0	1.66	2.46	2.76
936.4	0	2.26	2.56	2.56
936.5	0	1.76	2.46	2.46
936.6	0	2.26	2.56	2.56
936.7	0	1.76	2.56	2.66
936.8	0	2.26	2.56	2.56
936.9	0	1.86	2.66	2.66
937	0	1.86	2.76	2.76
937.1	0	1.86	2.66	2.66
937.2	0	2.46	2.76	2.76
937.3	0	1.96	2.76	2.86
937.4	0	2.46	2.76	2.76
937.5	0	1.96	2.76	2.76
937.6	0	2.56	2.86	2.86
937.7	0	2.56	2.86	2.96
937.8	0	2.56	2.86	2.86
937.9	0	2.06	2.96	-2.84
938	0	2.66	2.96	3.06
938.1	0	-3.04	2.96	-3.04
938.2	0	2.66	3.06	3.06
938.3	0	2.66	-3.04	3.06
938.4	0	2.76	3.06	-2.84
938.5	0	-2.94	3.06	-2.94
938.6	0	2.76	-2.94	-2.94
938.7	0	-2.54	-2.94	-3.04
938.8	0	2.36	-3.04	-3.04
938.9	0	2.86	-3.04	-2.84
939	0	-2.94	-3.04	-2.94
939.1	0	-2.44	-2.84	-2.94
939.2	0	2.46	-2.94	-2.94
939.3	0	2.96	-3.04	-2.94
939.4	0	-2.84	-2.94	-2.84
939.5	0	3.06	-2.94	-2.84
939.6	0	3.06	-2.84	-2.84
939.7	0	3.06	-2.94	-2.94
939.8	0	-2.74	-2.84	-2.74
939.9	0	-3.04	-2.64	-2.74
940	0	-2.44	-2.74	-2.74
940.1	0	-2.14	-2.84	-2.84
940.2	0	-2.64	-2.54	-2.64
940.3	0	-3.04	-2.64	-2.64
940.4	0	-3.04	-2.64	-2.64
940.5	0	-2.94	-2.54	-2.54
940.6	0	-2.94	-2.44	-2.54
940.7	0	-2.94	-2.64	-2.54
940.8	0	-2.94	-2.54	-2.44
940.9	0	-2.84	-2.64	-2.44
941	0	-2.84	-2.34	-2.44
941.1	0	-2.84	-2.44	-2.44
941.2	0	-1.84	-2.44	-2.44
941.3	0	-2.34	-2.44	-2.34
941.4	0	-2.74	-2.54	-2.34
941.5	0	-2.74	-2.34	-2.34
941.6	0	-2.24	-2.34	-2.44
941.7	0	-2.64	-2.34	-2.24
941.8	0	-2.64	-2.44	-2.24
941.9	0	-1.94	-2.14	-2.14
942	0	-2.14	-2.24	-2.14
942.1	0	-2.54	-2.24	-2.24
942.2	0	-2.54	-2.24	-2.24
942.3	0	-2.04	-2.14	-2.04
942.4	0	-2.04	-2.14	-2.04
942.5	0	-2.44	-2.14	-2.14
942.6	0	-2.44	-2.14	-2.14
942.7	0	-2.34	-2.04	-1.94
942.8	0	-2.34	-2.14	-1.94
942.9	0	-2.34	-2.04	-2.04
943	0	-1.64	-2.04	-2.04
943.1	0	-1.84	-2.04	-1.84
943.2	0	-2.24	-1.94	-1.84
943.3	0	-2.24	-1.94	-1.94
943.4	0	-2.24	-1.94	-1.94
943.5	0	-1.74	-2.04	-1.74
943.6	0	-2.14	-1.84	-2.04
943.7	0	-2.14	-1.84	-1.84
943.8	0	-2.14	-1.84	-1.84
943.9	0	-2.04	-1.94	-1.64
944	0	-2.04	-1.74	-1.84
944.1	0	-2.04	-1.74	-1.74
944.2	0	-1.94	-1.74	-1.74
944.3	0	-1.94	-1.84	-1.84
944.4	0	-1.94	-1.64	-1.64
944.5	0	-1.24	-1.64	-1.64
944.6	0	-1.84	-1.64	-1.64
944.7	0	-1.84	-1.74	-1.74
944.8	0	-1.84	-1.54	-1.54
944.9	0	-1.84	-1.54	-1.54
945	0	-2.34	-1.54	-1.54
945.1	0	-1.04	-1.64	-1.64
945.2	0	-1.74	-1.44	-1.44
945.3	0	-1.74	-1.44	-1.44
945.4	0	-1.64	-1.44	-1.44
945.5	0	-1.64	-1.54	-1.54
945.6	0	-0.94	-1.34	-1.34
945.7	0	-1.04	-1.34	-1.34
945.8	0	-1.54	-1.44	-1.34
945.9	0	-1.54	-1.34	-1.04
946	0	-0.84	-1.24	-1.24
946.1	0	-1.54	-1.34	-1.24
946.2	0	-1.44	-1.34	-1.34
946.3	0	-1.44	-1.14	-1.14
946.4	0	-0.84	-1.24	-1.14
946.5	0	-1.44	-1.24	-1.14
946.6	0	-0.64	-1.04	-1.04
946.7	0	-0.74	-1.04	-1.04
946.8	0	-0.64	-1.04	-1.04
946.9	0	-1.34	-1.04	-1.04
947	0	-0.54	-0.94	-0.94
947.1	0	-0.54	-0.94	-0.94
947.2	0	-0.74	-0.94	-0.94
947.3	0	-0.54	-0.84	-0.54
947.4	0	-1.14	-0.94	-0.84
947.5	0	-0.54	-0.94	-0.84
947.6	0	-0.34	-0.74	-0.84
947.7	0	-0.44	-0.84	-0.84
947.8	0	-1.04	-0.74	-0.74
947.9	0	-0.34	-0.64	-0.74
948	0	-1.04	-0.74	-0.74
948.1	0	-0.34	-0.64	-0.64
948.2	0	-0.24	-0.54	-0.34
948.3	0	-0.24	-0.64	-0.64
948.4	0	-0.24	-0.64	-0.54
948.5	0	-0.14	-0.44	-0.24
948.6	0	-0.14	-0.54	-0.54
948.7	0	-0.14	-0.44	-0.44
948.8	0	-0.14	-0.44	-0.44
948.9	0	-0.04	-0.44	-0.44
949	0	-0.04	-0.44	-0.44
949.1	0	-0.04	-0.34	-0.04
949.2	0	0.06	-0.24	-0.34
949.3	0	0.06	-0.34	-0.34
949.4	0	0.06	-0.34	-0.24
949.5	0	0.06	-0.24	-0.24
949.6	0	0.16	-0.24	0.16
949.7	0	0.16	-0.24	0.06
949.8	0	0.16	-0.14	0.16
949.9	0	0.16	0.16	0.16
950	0	0.26	-0.14	0.16
950.1	0	0.26	0.16	0.16
950.2	0	0.26	-0.04	-0.04
950.3	0	0.26	0.26	0.26
950.4	0	0.36	0.26	0.26
950.5	0	0.36	0.26	0.26
950.6	0	0.36	0.06	0.06
950.7	0	0.36	0.06	0.36
950.8	0	0.36	0.36	0.36
950.9	0	0.46	0.36	0.46
951	0	0.46	0.16	0.46
951.1	0	0.46	0.16	0.16
951.2	0	0.46	0.46	0.46
951.3	0	0.56	0.46	0.46
951.4	0	0.56	0.26	0.56
951.5	0	0.56	0.26	0.56
951.6	0	0.56	0.26	0.56
951.7	0	0.56	0.56	0.56
951.8	0	0.66	0.36	0.66
951.9	0	0.66	0.36	0.66
952	0	0.36	0.56	0.56
952.1	0	0.66	0.66	0.66
952.2	0	0.66	0.66	0.66
952.3	0	0.76	0.46	0.76
952.4	0	0.76	0.76	0.76
952.5	0	0.76	0.66	0.76
952.6	0	0.66	0.76	0.66
952.7	0	0.76	0.56	0.76
952.8	0	0.86	0.66	0.86
952.9	0	0.56	0.86	0.86
953	0	0.86	0.56	0.86
953.1	0	0.76	0.66	0.76
953.2	0	0.86	0.76	0.76
953.3	0	0.96	0.76	0.96
953.4	0	0.66	0.86	0.96
953.5	0	0.96	0.86	0.86
953.6	0	0.56	0.76	0.86
953.7	0	1.06	0.86	0.96
953.8	0	1.06	1.06	1.06
953.9	0	1.06	0.96	0.96
954	0	1.06	0.96	0.96
954.1	0	0.66	0.86	1.06
954.2	0	1.16	0.86	1.06
954.3	0	1.16	1.16	1.16
954.4	0	0.76	0.86	0.86
954.5	0	0.76	1.06	1.06
954.6	0	1.26	1.16	0.96
954.7	0	1.26	1.06	1.16
954.8	0	0.86	1.26	1.26
954.9	0	0.86	1.16	1.16
955	0	0.86	1.26	1.26
955.1	0	0.86	1.26	1.26
955.2	0	1.36	1.16	1.16
955.3	0	0.96	1.26	1.26
955.4	0	1.46	1.06	1.06
955.5	0	1.46	1.16	1.16
955.6	0	0.96	1.26	1.26
955.7	0	1.46	1.26	1.46
955.8	0	1.06	1.16	1.16
955.9	0	1.06	1.26	1.26
956	0	1.06	1.26	1.26
956.1	0	1.06	1.26	1.36
956.2	0	1.16	1.46	1.46
956.3	0	1.16	1.36	1.36
956.4	0	1.16	1.36	1.46
956.5	0	1.16	1.46	1.46
956.6	0	0.96	1.56	1.56
956.7	0	1.26	1.36	1.36
956.8	0	1.26	1.46	1.46
956.9	0	1.26	1.56	1.76
957	0	1.26	1.56	1.56
957.1	0	1.66	1.46	1.46
957.2	0	1.36	1.56	1.56
957.3	0	1.36	1.66	1.66
957.4	0	1.36	1.66	1.96
957.5	0	1.96	1.56	1.56
957.6	0	1.46	1.66	1.66
957.7	0	1.46	1.76	1.76
957.8	0	1.46	1.66	1.86
957.9	0	2.06	1.76	2.06
958	0	1.56	1.86	1.86
958.1	0	1.56	1.86	1.86
958.2	0	1.56	1.76	1.76
958.3	0	1.66	1.86	1.86
958.4	0	1.66	1.96	1.96
958.5	0	1.66	1.86	1.86
958.6	0	1.76	1.96	1.96
958.7	0	1.76	2.06	2.06
958.8	0	1.76	1.96	2.16
958.9	0	1.36	2.16	2.16
959	0	1.86	2.16	2.16
959.1	0	1.86	2.06	2.06
959.2	0	1.46	2.06	2.06
959.3	0	1.96	2.26	2.26
959.4	0	1.96	2.16	2.16
959.5	0	1.96	2.16	2.16
959.6	0	2.06	2.36	2.36
959.7	0	2.06	2.26	2.26
959.8	0	2.06	2.26	2.26
959.9	0	2.16	2.46	2.46
960	0	2.16	2.36	2.46
960.1	0	2.76	2.36	2.56
960.2	0	2.26	2.56	2.56
960.3	0	2.86	2.46	2.46
960.4	0	2.26	2.46	2.46
960.5	0	2.26	2.66	2.66
960.6	0	2.36	2.56	2.66
960.7	0	2.36	2.56	2.76
960.8	0	2.36	2.76	2.76
960.9	0	2.36	2.66	2.76
961	0	-3.04	2.96	2.96
961.1	0	2.46	2.86	2.86
961.2	0	3.06	2.86	2.86
961.3	0	2.46	2.86	2.86
961.4	0	2.56	2.86	2.96
961.5	0	2.56	2.96	2.96
961.6	0	2.56	2.86	2.96
961.7	0	-3.04	2.96	2.96
961.8	0	2.66	3.06	3.06
961.9	0	-3.04	3.06	3.06
962	0	2.66	-3.04	-3.04
962.1	0	-2.84	-3.04	3.06
962.2	0	2.76	-2.94	-2.94
962.3	0	-2.74	3.06	-2.94
962.4	0	2.76	-2.94	-2.94
962.5	0	-2.84	-3.04	-3.04
962.6	0	2.86	-3.04	-3.04
962.7	0	2.86	-3.04	-3.04
962.8	0	2.86	-2.84	-2.94
962.9	0	-2.94	-2.84	-2.94
963	0	-2.74	-2.94	-2.94
963.1	0	2.96	-2.94	-2.94
963.2	0	2.96	-2.84	-2.84
963.3	0	3.06	-2.74	-2.74
963.4	0	3.06	-2.74	-2.84
963.5	0	3.06	-2.84	-2.84
963.6	0	-2.74	-2.64	-2.74
963.7	0	-3.04	-2.64	-2.74
963.8	0	-2.34	-2.64	-2.74
963.9	0	-2.64	-2.64	-2.64
964	0	-3.04	-2.64	-2.64
964.1	0	-3.04	-2.64	-2.64
964.2	0	-3.04	-2.54	-2.54
964.3	0	-2.54	-2.54	-2.54
964.4	0	-2.94	-2.54	-2.54
964.5	0	-2.94	-2.44	-2.34
964.6	0	-2.94	-2.44	-2.44
964.7	0	-2.44	-2.44	-2.44
964.8	0	-2.84	-2.44	-2.44
964.9	0	-2.84	-2.34	-2.34
965	0	-2.84	-2.24	-2.34
965.1	0	-2.34	-2.34	-2.34
965.2	0	-2.74	-2.34	-2.34
965.3	0	-2.74	-2.24	-2.24
965.4	0	-2.64	-2.24	-2.24
965.5	0	-2.64	-2.24	-2.24
965.6	0	-2.64	-2.24	-2.24
965.7	0	-2.64	-2.14	-2.14
965.8	0	-2.14	-2.14	-2.14
965.9	0	-2.54	-2.24	-2.14
966	0	-2.54	-2.14	-2.14
966.1	0	-2.54	-2.14	-2.04
966.2	0	-2.04	-2.04	-2.04
966.3	0	-2.44	-2.14	-2.14
966.4	0	-2.44	-2.04	-2.04
966.5	0	-2.44	-1.94	-1.94
966.6	0	-1.94	-1.94	-1.94
966.7	0	-1.64	-1.94	-1.94
966.8	0	-2.34	-1.94	-1.94
966.9	0	-1.84	-1.84	-1.84
967	0	-2.24	-1.84	-1.84
967.1	0	-1.54	-1.84	-1.84
967.2	0	-2.24	-1.84	-1.84
967.3	0	-1.74	-1.74	-1.74
967.4	0	-2.14	-1.74	-1.74
967.5	0	-1.44	-1.74	-1.74
967.6	0	-2.14	-1.84	-1.84
967.7	0	-1.64	-1.64	-1.64
967.8	0	-2.04	-1.64	-1.64
967.9	0	-2.04	-1.64	-1.64
968	0	-2.34	-1.74	-1.74
968.1	0	-1.94	-1.54	-1.54
968.2	0	-1.94	-1.54	-1.54
968.3	0	-1.94	-1.54	-1.54
968.4	0	-1.44	-1.64	-1.64
968.5	0	-1.84	-1.74	-1.44
968.6	0	-1.84	-1.44	-1.44
968.7	0	-1.84	-1.64	-1.34
968.8	0	-1.34	-1.54	-1.54
968.9	0	-1.74	-1.34	-1.34
969	0	-1.04	-1.54	-1.34
969.1	0	-1.04	-1.54	-1.44
969.2	0	-1.24	-1.24	-1.24
969.3	0	-1.64	-1.24	-1.24
969.4	0	-0.64	-1.44	-1.44
969.5	0	-0.94	-1.34	-1.34
969.6	0	-0.84	-1.14	-1.14
969.7	0	-1.54	-1.34	-1.34
969.8	0	-1.54	-1.24	-1.24
969.9	0	-1.04	-1.04	-1.04
970	0	-1.44	-1.24	-1.24
970.1	0	-1.44	-1.24	-1.24
970.2	0	-0.74	-1.14	-1.14
970.3	0	-0.94	-0.94	-0.94
970.4	0	-1.34	-1.14	-1.14
970.5	0	-0.64	-1.14	-1.04
970.6	0	-1.04	-0.84	-0.84
970.7	0	-0.54	-1.04	-1.04
970.8	0	-1.24	-0.94	-1.04
970.9	0	-0.54	-0.94	-0.94
971	0	-0.94	-0.94	-0.94
971.1	0	-0.44	-0.94	-0.94
971.2	0	-1.14	-0.64	-0.64
971.3	0	-0.44	-0.84	-0.84
971.4	0	-0.64	-0.74	-0.84
971.5	0	-0.14	-0.54	-0.54
971.6	0	-0.34	-0.74	-0.74
971.7	0	-0.34	-0.74	-0.74
971.8	0	-0.54	-0.44	-0.44
971.9	0	-0.94	-0.64	-0.64
972	0	-0.24	-0.64	-0.24
972.1	0	-0.64	-0.34	-0.34
972.2	0	0.06	-0.34	-0.34
972.3	0	-0.14	-0.24	-0.14
972.4	0	-0.54	-0.44	-0.24
972.5	0	-0.74	-0.24	-0.24
972.6	0	0.16	-0.44	-0.44
972.7	0	-0.04	-0.34	-0.04
972.8	0	-0.64	-0.14	-0.14
972.9	0	-0.64	-0.34	-0.34
973	0	0.26	-0.04	-0.04
973.1	0	0.06	-0.24	0.06
973.2	0	0.06	-0.04	-0.04
973.3	0	0.06	-0.24	-0.24
973.4	0	0.16	-0.14	0.06
973.5	0	0.16	0.06	0.06
973.6	0	-0.44	0.06	0.06
973.7	0	-0.34	0.16	0.16
973.8	0	0.26	-0.04	0.16
973.9	0	0.26	0.16	0.16
974	0	0.26	0.16	0.16
974.1	0	0.26	0.26	0.26
974.2	0	0.36	0.26	0.26
974.3	0	0.36	0.26	0.26
974.4	0	0.36	0.06	0.06
974.5	0	0.36	0.36	0.36
974.6	0	0.36	0.36	0.36
974.7	0	0.36	0.36	0.36
974.8	0	0.36	0.16	0.36
974.9	0	0.46	0.26	0.36
975	0	0.46	0.46	0.46
975.1	0	0.06	0.46	0.46
975.2	0	0.56	0.56	0.56
975.3	0	0.46	0.46	0.46
975.4	0	0.56	0.56	0.56
975.5	0	0.16	0.56	0.56
975.6	0	0.56	0.66	0.66
975.7	0	0.56	0.66	0.66
975.8	0	0.56	0.46	0.56
975.9	0	0.56	0.66	0.66
976	0	0.66	0.66	0.66
976.1	0	0.66	0.56	0.66
976.2	0	0.66	0.76	0.76
976.3	0	0.76	0.76	0.76
976.4	0	0.66	0.76	0.76
976.5	0	0.76	0.76	0.76
976.6	0	0.76	0.66	0.86
976.7	0	0.76	0.86	0.86
976.8	0	0.86	0.86	0.86
976.9	0	0.86	0.86	0.86
977	0	0.86	0.86	0.86
977.1	0	0.86	0.76	0.96
977.2	0	0.46	0.96	0.96
977.3	0	0.96	0.96	0.96
977.4	0	0.96	0.96	0.96
977.5	0	0.96	0.96	0.96
977.6	0	1.06	0.86	1.06
977.7	0	0.76	1.06	0.96
977.8	0	1.06	0.96	1.06
977.9	0	1.06	1.06	1.06
978	0	1.06	1.06	1.06
978.1	0	0.66	0.96	0.96
978.2	0	1.06	1.16	1.06
978.3	0	0.76	1.16	1.16
978.4	0	0.76	1.16	1.16
978.5	0	1.16	1.06	1.06
978.6	0	0.76	1.06	1.06
978.7	0	0.76	1.16	1.16
978.8	0	0.86	1.26	1.26
978.9	0	1.06	1.26	1.26
979	0	0.86	1.16	1.36
979.1	0	0.86	1.36	1.36
979.2	0	0.96	1.36	1.36
979.3	0	1.56	1.36	1.36
979.4	0	0.96	1.36	1.36
979.5	0	0.96	1.26	1.26
979.6	0	1.06	1.46	1.46
979.7	0	1.06	1.46	1.46
979.8	0	1.06	1.46	1.46
979.9	0	1.06	1.36	1.36
980	0	1.36	1.36	1.36
980.1	0	1.16	1.56	1.56
980.2	0	1.16	1.56	1.56
980.3	0	1.16	1.46	1.46
980.4	0	1.16	1.46	1.46
980.5	0	1.86	1.66	1.66
980.6	0	1.26	1.66	1.46
980.7	0	1.76	1.56	1.76
980.8	0	1.26	1.56	1.56
980.9	0	1.66	1.76	1.76
981	0	1.36	1.76	1.86
981.1	0	1.36	1.66	1.66
981.2	0	1.36	1.86	1.86
981.3	0	1.36	1.86	1.86
981.4	0	1.46	1.76	1.96
981.5	0	1.46	1.76	1.76
981.6	0	1.46	1.96	1.96
981.7	0	2.06	2.06	2.06
981.8	0	1.56	1.86	1.86
981.9	0	1.56	2.06	1.86
982	0	1.56	2.16	2.16
982.1	0	1.66	1.96	1.96
982.2	0	1.66	1.96	1.96
982.3	0	1.66	1.96	2.26
982.4	0	1.66	1.96	2.06
982.5	0	1.76	2.06	2.06
982.6	0	1.76	2.06	2.36
982.7	0	1.76	2.16	2.16
982.8	0	1.86	2.16	2.16
982.9	0	1.86	2.16	2.46
983	0	1.86	2.16	2.46
983.1	0	1.96	2.26	2.26
983.2	0	1.96	2.26	2.56
983.3	0	2.56	2.26	2.56
983.4	0	2.06	2.36	2.36
983.5	0	2.06	2.36	2.66
983.6	0	2.66	2.36	2.66
983.7	0	2.16	2.46	2.46
983.8	0	2.16	2.46	2.76
983.9	0	2.76	2.46	2.76
984	0	1.66	2.56	2.56
984.1	0	2.26	2.56	2.76
984.2	0	2.26	2.86	2.86
984.3	0	2.86	2.66	2.66
984.4	0	2.36	2.66	2.86
984.5	0	2.36	2.66	2.96
984.6	0	2.96	2.76	2.76
984.7	0	2.96	2.76	2.76
984.8	0	2.46	2.76	2.76
984.9	0	2.46	3.06	3.06
985	0	-3.04	2.86	2.86
985.1	0	1.96	3.06	3.06
985.2	0	2.56	2.86	2.86
985.3	0	2.56	-3.04	2.96
985.4	0	2.56	2.96	2.96
985.5	0	-3.04	2.96	-3.04
985.6	0	-3.04	-3.04	-3.04
985.7	0	-2.84	3.06	3.06
985.8	0	2.66	-3.04	-3.04
985.9	0	3.06	-3.04	3.06
986	0	2.76	-2.94	-2.94
986.1	0	2.76	-2.84	-2.84
986.2	0	2.76	-2.94	-2.94
986.3	0	2.86	-3.04	-2.84
986.4	0	2.86	-3.04	-2.84
986.5	0	2.86	-2.74	-2.74
986.6	0	-3.04	-2.84	-2.74
986.7	0	2.96	-2.74	-2.74
986.8	0	2.96	-2.94	-2.94
986.9	0	2.96	-2.64	-2.64
987	0	-2.64	-2.74	-2.64
987.1	0	3.06	-2.64	-2.64
987.2	0	3.06	-2.64	-2.64
987.3	0	3.06	-2.64	-2.64
987.4	0	-2.54	-2.54	-2.54
987.5	0	-3.04	-2.54	-2.54
987.6	0	-2.44	-2.74	-2.74
987.7	0	-2.44	-2.54	-2.54
987.8	0	-3.04	-2.54	-2.44
987.9	0	-3.04	-2.44	-2.44
988	0	-3.04	-2.44	-2.44
988.1	0	-2.34	-2.44	-2.64
988.2	0	-2.94	-2.44	-2.44
988.3	0	-2.94	-2.44	-2.54
988.4	0	-2.94	-2.34	-2.34
988.5	0	-2.84	-2.34	-2.34
988.6	0	-2.84	-2.34	-2.44
988.7	0	-2.84	-2.34	-2.34
988.8	0	-2.84	-2.24	-2.24
988.9	0	-2.14	-2.24	-2.24
989	0	-2.74	-2.24	-2.24
989.1	0	-2.74	-2.24	-2.24
989.2	0	-2.74	-2.14	-2.24
989.3	0	-2.04	-2.14	-2.14
989.4	0	-2.64	-2.14	-2.24
989.5	0	-2.64	-2.14	-2.14
989.6	0	-2.64	-2.14	-2.14
989.7	0	-2.54	-2.04	-2.04
989.8	0	-2.54	-2.04	-2.04
989.9	0	-2.54	-2.04	-2.04
990	0	-1.24	-2.04	-2.04
990.1	0	-2.44	-1.94	-1.94
990.2	0	-2.44	-1.94	-1.94
990.3	0	-1.94	-1.94	-1.94
990.4	0	-2.34	-1.94	-1.94
990.5	0	-2.34	-1.84	-1.84
990.6	0	-2.34	-1.84	-1.84
990.7	0	-2.34	-1.84	-1.84
990.8	0	-2.24	-1.84	-1.84
990.9	0	-2.24	-1.74	-1.84
991	0	-2.24	-1.74	-1.74
991.1	0	-2.24	-1.74	-1.74
991.2	0	-2.14	-1.74	-1.74
991.3	0	-2.14	-1.64	-1.74
991.4	0	-1.44	-1.64	-1.64
991.5	0	-2.14	-1.84	-1.64
991.6	0	-2.04	-1.64	-1.64
991.7	0	-2.04	-1.54	-1.64
991.8	0	-1.34	-1.74	-1.54
991.9	0	-1.94	-1.54	-1.54
992	0	-1.94	-1.54	-1.54
992.1	0	-1.94	-1.44	-1.44
992.2	0	-1.94	-1.64	-1.44
992.3	0	-1.14	-1.44	-1.44
992.4	0	-1.84	-1.64	-1.44
992.5	0	-1.84	-1.34	-1.34
992.6	0	-1.84	-1.64	-1.24
992.7	0	-1.04	-1.54	-1.34
992.8	0	-1.04	-1.54	-1.54
992.9	0	-1.74	-1.54	-1.54
993	0	-1.74	-1.24	-1.14
993.1	0	-1.64	-1.44	-1.24
993.2	0	-0.94	-1.44	-1.04
993.3	0	-1.64	-1.44	-1.04
993.4	0	-0.84	-1.44	-1.04
993.5	0	-1.54	-1.34	-1.34
993.6	0	-0.84	-1.34	-1.24
993.7	0	-1.54	-1.34	-0.94
993.8	0	-0.74	-1.24	-1.04
993.9	0	-0.74	-1.24	-1.24
994	0	-0.74	-1.24	-0.94
994.1	0	-1.44	-1.24	-0.94
994.2	0	-1.34	-0.74	-0.74
994.3	0	-0.64	-0.74	-0.84
994.4	0	-0.64	-1.14	-0.64
994.5	0	-1.34	-0.64	-0.64
994.6	0	-1.24	-1.04	-0.74
994.7	0	-0.54	-1.04	-0.54
994.8	0	-0.74	-0.54	-0.54
994.9	0	-0.44	-0.94	-0.84
995	0	-0.44	-0.94	-0.94
995.1	0	-0.44	-0.44	-0.44
995.2	0	-1.14	-0.74	-0.54
995.3	0	-1.04	-0.84	-0.44
995.4	0	-0.34	-0.34	-0.34
995.5	0	-0.54	-0.34	-0.34
995.6	0	-0.54	-0.74	-0.74
995.7	0	-0.94	-0.24	-0.24
995.8	0	-0.24	-0.24	-0.24
995.9	0	-0.44	-0.54	-0.24
996	0	-0.44	-0.54	-0.24
996.1	0	-0.14	-0.14	-0.14
996.2	0	-0.34	-0.14	-0.14
996.3	0	-0.34	-0.14	-0.14
996.4	0	-0.74	-0.04	-0.04
996.5	0	-0.04	-0.04	-0.04
996.6	0	-0.74	-0.14	-0.04
996.7	0	-0.64	-0.04	-0.04
996.8	0	0.06	0.06	0.06
996.9	0	0.06	0.06	0.06
997	0	-0.14	-0.04	-0.04
997.1	0	0.16	0.06	0.06
997.2	0	0.16	-0.14	0.16
997.3	0	-0.04	0.16	0.16
997.4	0	-0.44	0.16	0.16
997.5	0	0.26	0.16	0.16
997.6	0	0.26	0.26	0.26
997.7	0	-0.34	0.26	0.26
997.8	0	0.16	0.26	0.26
997.9	0	0.16	0.26	0.26
998	0	0.16	0.36	0.36
998.1	0	0.16	0.36	0.36
998.2	0	0.36	0.36	0.36
998.3	0	0.26	0.16	0.36
998.4	0	-0.14	0.36	0.46
998.5	0	0.36	0.46	0.46
998.6	0	0.46	0.46	0.46
998.7	0	0.46	0.46	0.46
998.8	0	0.36	0.46	0.46
998.9	0	0.36	0.56	0.56
999	0	0.36	0.56	0.56
999.1	0	0.06	0.56	0.56
999.2	0	0.06	0.56	0.56
999.3	0	0.46	0.56	0.56
999.4	0	0.46	0.66	0.66
999.5	0	0.76	0.66	0.66
999.6	0	0.16	0.66	0.66
999.7	0	0.56	0.66	0.56
999.8	0	0.56	0.66	0.76
999.9	0	0.56	0.76	0.76
