3000.1	3	1	12	0.3	0.004	0.292956	0.110928	0.109711	416.26	21.6	20.6909	20.8727
3000.1	3	1	12	0.3	0.003	0.121708	0.176127	0.143603	89.8275	15.2337	2.59	5.11875
3000.1	3	1	12	0.3	0.005	0.372854	0.0680012	0.10066	25.9752	15.6737	-6.09406	-1.7405
3000.1	3	1	12	0.3	0.009	0.420741	0.199636	0.180729	223.756	21.23	-24.4825	-15.34
3000.1	3	1	12	0.3	0.002	0.392311	0.105624	0.11535	197.23	20.0512	-19.715	-11.7618
3000.1	3	1	12	0.3	0.001	0.350413	0.0653523	0.0988925	99.135	16.7987	-17.5006	-10.6407
3000.1	3	1	12	0.3	0.01	0.410445	0.186923	0.171351	13.7075	14.0525	12.4256	12.751
3000.1	3	1	12	0.3	0.005	0.231645	0.0710772	0.0736478	332.034	16.5987	-51.1516	-37.6015
3000.1	3	1	12	0.3	0.005	0.155865	0.0398989	0.0448102	85.9027	17.1725	7.60812	9.521
3000.1	3	1	12	0.3	0.006	0.381447	0.140332	0.136367	132.662	12.92	-25.5906	-17.8885
3000.1	3	1	12	0.3	0.008	0.358496	0.0857622	0.101127	12.4628	16.6612	9.01906	10.5475
3000.1	3	1	12	0.3	0.008	0.225626	0.202051	0.168983	32.5363	18.8812	2.04	5.40825
3000.1	3	1	12	0.3	0.002	0.213787	0.0799692	0.0831111	83.0722	14.1375	9.23312	10.214
3000.1	3	1	12	0.3	0.009	0.257092	0.131123	0.117226	4.574	15.0337	12.7947	13.2425
3000.1	3	1	12	0.3	0.007	0.230211	0.0500309	0.0617646	24.8145	14.6125	10.9541	11.6857
3000.1	3	1	12	0.3	0.01	0.336342	0.187363	0.164311	30.0577	18.025	14.4122	15.1347
3000.1	3	1	12	0.3	0.01	0.29516	0.0935806	0.095832	16.2387	13.42	7.89063	8.9965
3000.1	3	1	12	0.3	0.007	0.201961	0.189656	0.157655	247.474	16.7225	-54.0334	-39.8822
3000.1	3	1	12	0.3	0.009	0.520133	0.140962	0.155509	47.4697	20.2675	6.59438	9.329
3000.1	3	1	12	0.3	0.004	0.275901	0.157499	0.138398	300.257	20.46	-68.3228	-50.5662
3000.1	3	1	12	0.3	0.003	0.538342	0.0635464	0.120779	259.711	16.495	-67.4866	-50.6902
3000.1	3	1	12	0.3	0.001	0.502401	0.107977	0.132511	356.346	19.5262	-68.8556	-51.1792
3000.1	3	1	12	0.3	0.003	0.213791	0.118631	0.104336	36.3725	14.3625	-3.59469	-0.00325
3000.1	3	1	12	0.3	0.004	0.560998	0.0631522	0.125597	12.1895	13.415	11.0328	11.5092
3000.1	3	1	12	0.3	0.007	0.375802	0.0561813	0.0917375	100.656	17.6925	-45.6344	-32.969
3000.1	3	1	12	0.3	0.002	0.317103	0.0774113	0.0908941	120.597	17.5512	16.7534	16.913
3000.1	3	1	12	0.3	0.001	0.229328	0.145429	0.128339	357.094	15.2237	-17.1813	-10.7003
3000.1	3	1	12	0.3	0.008	0.435631	0.0973173	0.117432	19.4407	11.8412	15.3084	14.615
3000.1	3	1	12	0.3	0.006	0.420002	0.0436864	0.0911896	18.2677	18.27	9.99906	11.6533
3000.1	3	1	12	0.3	0	0.240412	0.158248	0.136634	211.74	17.8375	-30.6166	-20.9257
3000.1	3	1	12	0.3	0	0.384744	0.059556	0.0917627	384.054	18.545	-47.8991	-34.6102
3000.1	3	1	12	0.3	0.006	0.299206	0.0735752	0.0873868	43.9455	15.2612	12.0388	12.6833
3000.1	3	1	12	0.3	0	0.421694	0.0732943	0.105063	224.319	17.6175	-22.0303	-14.1007
4000.1	3	1	12	0.3	0.004	0.924432	0.514445	0.451346	402.021	21.48	-120.799	-92.343
4000.1	3	1	12	0.3	0.002	0.892629	0.303901	0.308861	353.941	20.3937	-232.066	-181.574
4000.1	3	1	12	0.3	0.009	0.84889	0.391928	0.363145	712.351	21.5975	-33.3297	-22.3442
4000.1	3	1	12	0.3	0.005	0.683183	0.331835	0.298811	634.35	16.0525	-44.8284	-32.6522
4000.1	3	1	12	0.3	0.007	0.760404	0.235576	0.250016	36.5467	15.6637	15.7681	15.7472
4000.1	3	1	12	0.3	0.003	0.805286	0.467738	0.407607	522.759	15.5337	-11.4706	-6.06975
4000.1	3	1	12	0.3	0.008	0.834859	0.489113	0.427371	229.468	16.85	-159.052	-123.872
4000.1	3	1	12	0.3	0.005	0.854345	0.434605	0.388193	500.82	16.7125	-147.491	-114.65
4000.1	3	1	12	0.3	0.01	0.743918	0.373574	0.333974	226.362	14.3762	15.6222	15.373
4000.1	3	1	12	0.3	0.005	0.831865	0.356802	0.332685	126.711	16.925	-73.1381	-55.1255
4000.1	3	1	12	0.3	0.001	0.77897	0.170146	0.207497	71.3977	16.93	-46.7425	-34.008
4000.1	3	1	12	0.3	0.009	0.867989	0.513365	0.44588	193.276	15.6412	-5.32719	-1.1335
4000.1	3	1	12	0.3	0.006	0.785154	0.496231	0.427093	764.788	13.22	18.6962	17.601
4000.1	3	1	12	0.3	0.004	0.858544	0.388004	0.357353	523.052	20.2937	-3.50969	1.251
4000.1	3	1	12	0.3	0.01	0.813314	0.479875	0.417387	343.512	13.2525	15.4662	15.0235
4000.1	3	1	12	0.3	0.01	0.891281	0.194613	0.247909	306.203	17.92	-194.284	-151.843
4000.1	3	1	12	0.3	0.008	0.8528	0.426175	0.383697	326.085	19.3612	-252.774	-198.347
4000.1	3	1	12	0.3	0.007	0.827301	0.536046	0.45981	155.492	16.6362	17.8784	17.63
4000.1	3	1	12	0.3	0.004	0.771972	0.224465	0.23827	629.897	13.1712	-100.68	-77.9095
4000.1	3	1	12	0.3	0.002	0.775557	0.266578	0.264929	260.793	14.4212	-214.012	-168.325
4000.1	3	1	12	0.3	0.009	0.875017	0.251472	0.276206	268.493	20.3075	-157.047	-121.576
4000.1	3	1	12	0.3	0.003	0.81318	0.414865	0.370034	331.97	14.5112	-17.5381	-11.1282
4000.1	3	1	12	0.3	0.001	0.865024	0.430343	0.385345	427.567	19.02	-9.03031	-3.42025
4000.1	3	1	12	0.3	0.007	0.717473	0.289889	0.273125	39.5762	16.8	17.095	17.036
4000.1	3	1	12	0.3	0.001	0.798153	0.365356	0.333099	74.8995	15.685	3.48187	5.9225
4000.1	3	1	12	0.3	0.003	0.892213	0.649856	0.549827	43.2285	16.8137	-5.49219	-1.031
4000.1	3	1	12	0.3	0.008	0.754956	0.392856	0.350602	861.206	11.9475	-18.1597	-12.1382
4000.1	3	1	12	0.3	0.006	0.904104	0.563553	0.486006	104.785	18.055	-3.6825	0.665
4000.1	3	1	12	0.3	0.002	0.787044	0.376694	0.340073	300.468	18.0637	-240.943	-189.141
4000.1	3	1	12	0.3	0	0.846327	0.310732	0.300942	197.407	18.0212	-106.052	-81.2377
4000.1	3	1	12	0.3	0.006	0.885343	0.445435	0.399667	339.405	15.785	-13.8084	-7.88975
4000.1	3	1	12	0.3	0	0.864169	0.202163	0.237181	176.817	18.0437	-40.3134	-28.642
4000.1	3	1	12	0.3	0	0.880475	0.172335	0.223703	44.597	18.0337	-6.26469	-1.405
5000	3	1	12	0.3	0.004	0.846812	0.421979	0.377846	746.408	21.4875	-11.0728	-4.56075
5000	3	1	12	0.3	0.002	0.709992	0.410155	0.358498	729.379	20.3925	-10.0616	-3.97075
5000	3	1	12	0.3	0.009	0.789632	0.387935	0.350173	433.284	21.6625	-309.636	-243.376
5000	3	1	12	0.3	0.008	0.660177	0.638057	0.528589	326.336	16.7325	-200.621	-157.15
5000	3	1	12	0.3	0.009	0.459564	0.361707	0.304019	201.66	15.5075	16.5244	16.321
5000	3	1	12	0.3	0.003	0.340017	0.217344	0.186876	542.829	15.5537	-12.4581	-6.85575
5000	3	1	12	0.3	0.005	0.626489	0.497079	0.417711	562.275	15.5075	-47.9456	-35.255
5000	3	1	12	0.3	0.007	0.395918	0.436316	0.361195	51.2735	15.55	15.9403	15.8622
5000	3	1	12	0.3	0.01	0.325053	0.261907	0.223475	306.358	14.3812	15.7769	15.4977
5000	3	1	12	0.3	0.005	0.471942	0.318884	0.274867	301.685	16.84	14.7869	15.1975
5000	3	1	12	0.3	0.005	0.561395	0.697871	0.570464	275.142	16.7075	-9.02531	-3.87875
5000	3	1	12	0.3	0.001	0.308671	0.241897	0.203291	174.855	16.7625	-108.49	-83.4392
5000	3	1	12	0.3	0.002	0.581954	0.495055	0.413634	153.05	14.3725	-64.5512	-48.7665
5000	3	1	12	0.3	0.006	0.352895	0.577137	0.468312	1011.79	13.1037	18.7647	17.6325
5000	3	1	12	0.3	0.004	0.657621	0.361448	0.319121	900.712	13.2025	-216.657	-170.685
5000	3	1	12	0.3	0.004	0.739248	0.350863	0.318113	504.637	20.4762	-89.4891	-67.496
5000	3	1	12	0.3	0.01	0.327646	0.278413	0.236237	459.143	13.3162	15.5031	15.0657
5000	3	1	12	0.3	0.007	0.472914	0.256579	0.232237	440.693	16.8012	-151.152	-117.561
5000	3	1	12	0.3	0.008	0.666418	0.49792	0.420643	507.47	19.1712	-60.2953	-44.402
5000	3	1	12	0.3	0.009	0.640886	0.522998	0.437882	606.191	20.63	16.6016	17.4072
5000	3	1	12	0.3	0.01	0.523998	0.433168	0.362542	200.459	17.9725	16.4606	16.763
5000	3	1	12	0.3	0.001	0.678091	0.166603	0.197689	618.196	19.3537	2.43562	5.81925
5000	3	1	12	0.3	0.003	0.361576	0.3472	0.289534	555.335	14.3275	-75.4653	-57.5067
5000	3	1	12	0.3	0.007	0.473216	0.319953	0.275691	659.793	16.8337	-187.393	-146.548
5000	3	1	12	0.3	0.006	0.570827	0.568513	0.469627	438.203	17.8237	-271.085	-213.303
5000	3	1	12	0.3	0.008	0.357564	0.412384	0.339063	1158.38	12.1075	-65.7972	-50.2162
5000	3	1	12	0.3	0.001	0.434724	0.127976	0.143242	377.247	15.5587	-149.43	-116.432
5000	3	1	12	0.3	0.002	0.659278	0.310292	0.287164	506.898	17.9625	-48.8309	-35.4722
5000	3	1	12	0.3	0.006	0.320266	0.195489	0.170181	276.809	15.5475	-9.56781	-4.54475
5000	3	1	12	0.3	0.003	0.485535	0.253087	0.228134	127.95	16.7837	-87.305	-66.4873
5000	3	1	12	0.3	0	0.557829	0.0693759	0.12509	180.81	18.005	-109.308	-83.8452
5000	3	1	12	0.3	0	0.638927	0.132095	0.17192	175.437	17.98	-76.5634	-57.6547
5000	3	1	12	0.3	0	0.578543	0.234101	0.22194	48.563	18.0225	-12.9434	-6.75025
6000	3	1	12	0.3	0.004	0.854742	0.693157	0.580349	417.835	21.5638	-247.85	-193.967
6000	3	1	12	0.3	0.009	0.779908	0.340361	0.324515	1114.88	21.8188	-64.075	-46.8962
6000	3	1	12	0.3	0.01	0.718967	0.291919	0.274546	443.88	14.3338	16.5988	16.1458
6000	3	1	12	0.3	0.008	0.845742	0.638289	0.537989	507.505	16.6638	14.3238	14.7918
6000	3	1	12	0.3	0.001	0.800285	0.61001	0.51392	119.889	16.7575	-71.6653	-53.9807
6000	3	1	12	0.3	0.003	0.660371	0.603108	0.500626	745.508	15.6613	-36.5159	-26.0805
6000	3	1	12	0.3	0.002	0.90395	0.815211	0.676933	580.508	20.3475	-36.7431	-25.325
6000	3	1	12	0.3	0.005	0.838016	0.688952	0.576783	253.953	16.7013	-203.538	-159.491
6000	3	1	12	0.3	0.007	0.800618	0.658977	0.552021	89.896	15.555	-1.43594	1.96225
6000	3	1	12	0.3	0.009	0.773066	0.521789	0.445402	251.443	15.5088	16.5269	16.3233
6000	3	1	12	0.3	0.002	0.801264	0.404403	0.361129	237.344	14.3775	-3.93687	-0.274
6000	3	1	12	0.3	0.005	0.699068	0.346811	0.310895	579.453	15.7938	0.264688	3.3705
6000	3	1	12	0.3	0.005	0.677985	0.456303	0.389432	421.907	16.7163	-97.18	-74.4007
6000	3	1	12	0.3	0.004	0.786823	0.660187	0.551418	631.46	13.0563	15.6097	15.099
6000	3	1	12	0.3	0.007	0.716752	0.627817	0.522346	251.166	16.7438	17.9016	17.67
6000	3	1	12	0.3	0.006	0.705092	0.588499	0.492053	1426.25	13.235	-33.785	-24.381
6000	3	1	12	0.3	0.01	0.790404	0.424283	0.374513	566.149	13.2475	15.5016	15.0508
6000	3	1	12	0.3	0.004	0.809216	0.591086	0.50028	667.239	20.4788	-129.24	-99.2965
6000	3	1	12	0.3	0.008	0.807389	0.52879	0.45342	763.153	19.165	15.2681	16.0475
6000	3	1	12	0.3	0.007	0.547606	0.173856	0.195398	187.436	16.7763	-14.9122	-8.5745
6000	3	1	12	0.3	0.01	0.810865	0.516748	0.444129	255.261	17.865	16.5784	16.8358
6000	3	1	12	0.3	0.006	0.732405	0.373764	0.334488	255.989	17.8613	16.3156	16.6248
6000	3	1	12	0.3	0.003	0.758794	0.60085	0.50436	615.634	14.435	-66.8812	-50.618
6000	3	1	12	0.3	0.009	0.857078	0.490599	0.429333	763.836	20.2563	16.4591	17.2185
6000	3	1	12	0.3	0.001	0.764904	0.402616	0.356706	399.26	19.235	-156.198	-121.112
6000	3	1	12	0.3	0.002	0.770943	0.500934	0.429478	432.016	18.065	-305.36	-240.675
6000	3	1	12	0.3	0.008	0.648121	0.305523	0.278073	1323.69	12.0588	17.9309	16.7565
6000	3	1	12	0.3	0.003	0.763939	0.539627	0.457995	128.697	16.8225	15.9772	16.1463
6000	3	1	12	0.3	0.006	0.805905	0.540106	0.461658	367.302	15.5125	-16.495	-10.0935
6000	3	1	12	0.3	0.001	0.667669	0.219547	0.221753	451.071	15.6175	-104.59	-80.5487
6000	3	1	12	0.3	0	0.861135	0.130731	0.203469	248.638	17.985	-135.856	-105.088
6000	3	1	12	0.3	0	0.710676	0.19087	0.213762	91.048	17.9763	-36.72	-25.7807
6000	3	1	12	0.3	0	0.845379	0.114202	0.19564	38.9095	18.0638	-18.4694	-11.1627
7000	3	1	12	0.3	0.004	0.902769	0.604675	0.517513	1276.74	21.6725	-2.67687	2.193
7000	3	1	12	0.3	0.009	0.899985	0.613264	0.523464	1560.67	21.65	-6.63781	-0.98025
7000	3	1	12	0.3	0.002	0.903452	0.229288	0.260855	511.362	20.4825	-355.495	-280.3
7000	3	1	12	0.3	0.003	0.849687	0.42957	0.383696	976.996	15.5963	-99.0947	-76.1565
7000	3	1	12	0.3	0.008	0.820298	0.555613	0.47445	607.134	16.7163	14.2069	14.7088
7000	3	1	12	0.3	0.005	0.82708	0.342076	0.320438	399.093	16.8825	-216.089	-169.495
7000	3	1	12	0.3	0.01	0.680876	0.285532	0.276806	454.236	14.3975	15.6056	15.364
7000	3	1	12	0.3	0.001	0.776521	0.397074	0.35368	186.902	16.8338	-104.163	-79.964
7000	3	1	12	0.3	0.007	0.726075	0.187177	0.21449	298.485	15.6763	-23.7053	-15.829
7000	3	1	12	0.3	0.002	0.776806	0.329118	0.306739	266.669	14.3438	-28.4484	-19.89
7000	3	1	12	0.3	0.009	0.839184	0.522454	0.451175	301.537	15.5125	16.5672	16.3563
7000	3	1	12	0.3	0.005	0.646326	0.37448	0.326493	333.169	16.6338	-20.3294	-12.9367
7000	3	1	12	0.3	0.006	0.803786	0.623257	0.5242	1544.14	13.4825	-21.8003	-14.7437
7000	3	1	12	0.3	0.004	0.862784	0.481879	0.422778	658.421	20.3438	-108.372	-82.6285
7000	3	1	12	0.3	0.007	0.859905	0.517292	0.448805	382.413	16.8238	-23.3334	-15.302
7000	3	1	12	0.3	0.007	0.824557	0.569163	0.485109	76.789	16.8313	16.9338	16.9133
7000	3	1	12	0.3	0.01	0.839265	0.337613	0.318044	305.521	17.8825	16.3922	16.6903
7000	3	1	12	0.3	0.006	0.86421	0.476565	0.41861	306.054	18.0088	16.235	16.5898
7000	3	1	12	0.3	0.005	0.784905	0.547554	0.465362	1152.92	15.6563	-183.248	-143.467
7000	3	1	12	0.3	0.003	0.828231	0.501353	0.433952	626.145	14.3925	-43.4003	-31.8417
7000	3	1	12	0.3	0.004	0.714154	0.219689	0.226931	754.478	13.275	15.6475	15.173
7000	3	1	12	0.3	0.01	0.823139	0.60907	0.514544	679.993	13.205	15.6447	15.1568
7000	3	1	12	0.3	0.008	0.885372	0.381303	0.363859	496.963	19.1725	-415.001	-328.167
7000	3	1	12	0.3	0.009	0.871844	0.511656	0.447269	570.616	20.4675	-197.681	-154.052
7000	3	1	12	0.3	0.001	0.801778	0.495141	0.42739	754.631	19.1113	17.2584	17.629
7000	3	1	12	0.3	0.002	0.827931	0.335677	0.315568	439.785	18.02	-136.548	-105.634
7000	3	1	12	0.3	0.006	0.762413	0.234188	0.2557	513.567	15.6025	-4.39656	-0.39675
7000	3	1	12	0.3	0.003	0.841873	0.44815	0.3964	59.8678	16.7925	-25.955	-17.4055
7000	3	1	12	0.3	0.008	0.848122	0.698868	0.584656	1586.67	12.2263	18.1744	16.9848
7000	3	1	12	0.3	0.001	0.805856	0.436721	0.385623	343.557	15.5725	-139.727	-108.667
7000	3	1	12	0.3	0	0.847591	0.181825	0.225065	322.053	17.9938	-172.382	-134.307
7000	3	1	12	0.3	0	0.869419	0.16045	0.220964	411.15	17.9813	-121.283	-93.43
7000	3	1	12	0.3	0	0.873577	0.0573225	0.182626	223.549	18.0113	-84.4038	-63.9208
8000	3	1	12	0.3	0.004	0.788937	0.255926	0.266776	928.115	21.5575	-220.649	-172.208
8000	3	1	12	0.3	0.009	0.781347	0.507062	0.4382	663.182	21.6913	-485.94	-384.414
8000	3	1	12	0.3	0.002	0.798467	0.242362	0.255625	1024.83	20.3663	-77.1166	-57.62
8000	3	1	12	0.3	0.003	0.421799	0.487229	0.399856	1578.2	15.5725	-211.256	-165.89
8000	3	1	12	0.3	0.01	0.373256	0.233568	0.207784	528.778	14.3263	15.7138	15.4363
8000	3	1	12	0.3	0.008	0.497043	0.339471	0.297274	648.635	16.8113	-57.5213	-42.6548
8000	3	1	12	0.3	0.005	0.481609	0.377624	0.322893	529.195	16.68	14.8703	15.2323
8000	3	1	12	0.3	0.001	0.49987	0.175045	0.176185	418.323	16.8075	-8.49406	-3.43375
8000	3	1	12	0.3	0.007	0.387038	0.38881	0.325289	576.665	15.5688	-266.191	-209.839
8000	3	1	12	0.3	0.009	0.420052	0.178104	0.169153	372.735	15.6025	-6.94	-2.4315
8000	3	1	12	0.3	0.005	0.51057	0.433567	0.361935	507.786	16.7763	-78.8413	-59.7178
8000	3	1	12	0.3	0.006	0.341223	0.398751	0.327573	1765.34	13.395	18.8259	17.7398
8000	3	1	12	0.3	0.002	0.349807	0.280946	0.236229	209.167	14.4025	-36.3238	-26.1785
8000	3	1	12	0.3	0.007	0.529695	0.465635	0.391676	1435.93	16.7588	-343.208	-271.215
8000	3	1	12	0.3	0.007	0.478788	0.363591	0.306368	352.885	16.77	17.7938	17.589
8000	3	1	12	0.3	0.01	0.539493	0.291441	0.263704	224.081	18.065	-124.647	-96.1045
8000	3	1	12	0.3	0.004	0.722471	0.58309	0.489599	573.504	20.3513	-367.025	-289.55
8000	3	1	12	0.3	0.004	0.325582	0.253654	0.214714	1000.04	13.2475	-8.94094	-4.50325
8000	3	1	12	0.3	0.005	0.266373	0.292717	0.243477	1017.62	15.725	-118.51	-91.663
8000	3	1	12	0.3	0.01	0.332348	0.250595	0.211315	792.619	13.1838	15.5769	15.0983
8000	3	1	12	0.3	0.006	0.53419	0.313338	0.272613	137.956	17.955	-100.063	-76.4598
8000	3	1	12	0.3	0.003	0.342169	0.273735	0.230217	937.456	14.425	-102.143	-78.8295
8000	3	1	12	0.3	0.008	0.694122	0.504128	0.427208	1058.01	19.2275	15.1972	16.0033
8000	3	1	12	0.3	0.009	0.749121	0.550737	0.465867	416.316	20.405	-304.726	-239.7
8000	3	1	12	0.3	0.001	0.558333	0.223636	0.216371	701.967	19.225	-145.128	-112.257
8000	3	1	12	0.3	0.008	0.336462	0.466192	0.380126	1981.55	11.98	-4.62531	-1.30425
8000	3	1	12	0.3	0.006	0.429298	0.174938	0.165913	498.622	15.5463	-30.9491	-21.65
8000	3	1	12	0.3	0.002	0.469822	0.175046	0.169952	596.367	18.04	-197.019	-154.007
8000	3	1	12	0.3	0.003	0.58657	0.36431	0.318674	748.26	16.6925	-381.426	-301.802
8000	3	1	12	0.3	0.001	0.39478	0.210355	0.187026	1092.35	15.5188	-292.031	-230.521
8000	3	1	12	0.3	0	0.562686	0.128833	0.152816	508.788	18.0525	-209.379	-163.893
8000	3	1	12	0.3	0	0.642902	0.390214	0.337831	231.491	17.975	-121.423	-93.5438
8000	3	1	12	0.3	0	0.569989	0.0893302	0.135573	244.143	17.9825	-28.0684	-18.8582
9000	3	1	12	0.3	0.004	0.91443	0.585606	0.504694	970.673	21.5113	-344.885	-271.606
9000	3	1	12	0.3	0.009	0.892882	0.319784	0.318635	2119.04	21.6525	15.0453	16.3668
9000	3	1	12	0.3	0.01	0.807535	0.691122	0.576832	602.832	14.3075	15.5444	15.297
9000	3	1	12	0.3	0.002	0.798586	0.504706	0.434929	547.944	20.4475	-348.492	-274.704
9000	3	1	12	0.3	0.003	0.671872	0.363741	0.322067	1167.57	15.6225	-83.6138	-63.7665
9000	3	1	12	0.3	0.008	0.76956	0.619754	0.519572	808.495	16.8163	14.1509	14.684
9000	3	1	12	0.3	0.006	0.726345	0.538774	0.455217	2154.77	13.495	-111.709	-86.6685
9000	3	1	12	0.3	0.005	0.791967	0.446349	0.390918	303.591	16.84	-169.804	-132.476
9000	3	1	12	0.3	0.001	0.792467	0.462556	0.402573	526.299	16.8613	-10.4184	-4.9625
9000	3	1	12	0.3	0.009	0.84104	0.491174	0.431888	401.292	15.5638	16.3341	16.18
9000	3	1	12	0.3	0.007	0.640018	0.271158	0.2552	96.352	17.0688	16.9997	17.0135
9000	3	1	12	0.3	0.005	0.629746	0.476288	0.401834	500.243	16.8763	-59.2941	-44.06
9000	3	1	12	0.3	0.007	0.801984	0.491487	0.424746	98.9963	15.535	15.6053	15.5913
9000	3	1	12	0.3	0.002	0.550313	0.443714	0.373496	418.838	14.4675	-327.949	-259.466
9000	3	1	12	0.3	0.006	0.816693	0.198152	0.237002	408.846	18.1288	16.3222	16.6835
9000	3	1	12	0.3	0.004	0.62931	0.352543	0.316633	1666.76	13.0625	-242.468	-191.362
9000	3	1	12	0.3	0.004	0.842078	0.372476	0.343962	1239.18	20.26	-38.2781	-26.5705
9000	3	1	12	0.3	0.01	0.740092	0.59848	0.5019	1057.47	17.9813	-397.998	-314.802
9000	3	1	12	0.3	0.01	0.796173	0.258	0.268808	903	13.2375	15.4822	15.0333
9000	3	1	12	0.3	0.007	0.725751	0.509551	0.433411	1161.98	16.82	-274.355	-216.12
9000	3	1	12	0.3	0.003	0.824228	0.556151	0.476345	847.983	14.3225	-34.7459	-24.9323
9000	3	1	12	0.3	0.005	0.591356	0.275942	0.250757	904.186	15.6788	18.2191	17.711
9000	3	1	12	0.3	0.008	0.815375	0.481349	0.418588	1100.35	19.0488	-96.7838	-73.6173
9000	3	1	12	0.3	0.009	0.871833	0.4198	0.378487	1079.68	20.4063	-38.8913	-27.0318
9000	3	1	12	0.3	0.008	0.74043	0.572126	0.481453	2112.48	11.95	17.9359	16.7388
9000	3	1	12	0.3	0.001	0.744417	0.338866	0.309691	462.061	19.2175	-268.016	-210.569
9000	3	1	12	0.3	0.003	0.699493	0.170261	0.204716	205.832	17.0225	15.6813	15.9495
9000	3	1	12	0.3	0.002	0.666608	0.280435	0.261529	646.382	18.035	-514.604	-408.076
9000	3	1	12	0.3	0.006	0.778646	0.512104	0.438866	788.168	15.5238	-138.486	-107.684
9000	3	1	12	0.3	0.001	0.562921	0.269823	0.247457	260.883	15.5738	-111.423	-86.0235
9000	3	1	12	0.3	0	0.843164	0.139087	0.204621	572.801	17.9963	-386.038	-305.231
9000	3	1	12	0.3	0	0.654928	0.151073	0.178901	131.801	17.9913	-62.9934	-46.7965
9000	3	1	12	0.3	0	0.851844	0.231431	0.252944	135.567	18.0063	-34.47	-23.9747
900	3	1	0	0	0.02	0.05	0.0916423	0.0899588	0.0744653	1.558	23.4075	23.4378	23.4317
900	3	1	10	0	0.02	0.05	0.420271	0.073178	0.102868	3.61125	24.155	23.7553	23.8352
900	3	1	5	0	0.02	0.05	0.199792	0.228971	0.188172	3.5575	23.445	23.6247	23.5887
900	3	1	20	0	0.02	0.05	0.368523	0.0719542	0.094117	5.20525	24.3012	23.8112	23.9092
900	3	1	15	0	0.02	0.05	0.18269	0.0426233	0.051541	3.323	23.9562	23.6784	23.734
1200	3	1	0	0	0.02	0.05	0.941042	0.93372	0.770322	0.08	23.45	23.4953	23.4863
1200	3	1	10	0	0.02	0.05	0.966608	0.920807	0.761592	1.7505	23.9225	23.9369	23.934
1200	3	1	5	0	0.02	0.05	0.950456	0.925456	0.76438	2.5985	23.8863	23.9156	23.9098
1200	3	1	20	0	0.02	0.05	0.975606	0.93485	0.772915	2.06275	24	24.0338	24.027
1200	3	1	15	0	0.02	0.05	0.979752	0.934858	0.773131	1.7085	24.03	23.9569	23.9715
1500.1	3	1	0	0	0.02	0.05	0.859924	0.947641	0.777376	0.27475	23.5775	23.4481	23.474
1500.1	3	1	10	0	0.02	0.05	0.969784	0.930432	0.769204	1.6955	24.0162	24.0534	24.046
1500.1	3	1	5	0	0.02	0.05	0.942265	0.899247	0.743672	1.70775	24.075	23.9416	23.9682
1500.1	3	1	20	0	0.02	0.05	0.970495	0.939564	0.776309	5.98075	24.0312	24.0744	24.0657
1500.1	3	1	15	0	0.02	0.05	0.96697	0.907848	0.751587	11.7132	23.9912	24.0166	24.0115
1800.1	3	1	0	0	0.02	0.05	0.904708	0.919291	0.757364	0.589	23.4125	23.4453	23.4387
1800.1	3	1	10	0	0.02	0.05	0.968222	0.937213	0.774375	1.2945	23.94	23.9675	23.962
1800.1	3	1	5	0	0.02	0.05	0.959526	0.906802	0.750396	10.401	23.8325	24.0256	23.987
1800.1	3	1	20	0	0.02	0.05	0.98676	0.938706	0.776464	1.6775	24.0075	23.9478	23.9597
1800.1	3	1	15	0	0.02	0.05	0.976764	0.938529	0.775823	1.91975	24.0237	24.0622	24.0545
2100.1	3	1	0	0	0.02	0.05	0.93629	0.933041	0.769564	0.094	23.4062	23.4781	23.4637
2100.1	3	1	10	0	0.02	0.05	0.974325	0.939444	0.776409	1.72575	23.995	24.0112	24.008
2100.1	3	1	5	0	0.02	0.05	0.973938	0.922966	0.763635	1.997	23.9462	23.9359	23.938
2100.1	3	1	20	0	0.02	0.05	0.959112	0.927801	0.766629	5.77825	24.02	23.9694	23.9795
2100.1	3	1	15	0	0.02	0.05	0.9526	0.908519	0.751372	10.028	24.035	23.9953	24.0032
2400.1	3	1	0	0	0.02	0.05	0.947427	0.933811	0.770706	0.15475	23.5175	23.5266	23.5247
2400.1	3	1	10	0	0.02	0.05	0.973769	0.923808	0.764277	1.789	23.9987	23.9866	23.989
2400.1	3	1	5	0	0.02	0.05	0.933429	0.865613	0.717213	11.7815	23.8987	23.8647	23.8715
2400.1	3	1	20	0	0.02	0.05	0.983969	0.932652	0.771639	1.70875	23.9837	24.0906	24.0692
2400.1	3	1	15	0	0.02	0.05	0.988355	0.948394	0.784042	2.192	23.9962	24.0537	24.0422
2700.1	3	1	0	0	0.02	0.05	0.946523	0.933113	0.77012	0.1185	23.55	23.4662	23.483
2700.1	3	1	10	0	0.02	0.05	0.977486	0.924166	0.764745	1.59775	24.0537	24.0466	24.048
2700.1	3	1	5	0	0.02	0.05	0.926313	0.896156	0.740478	1.92075	23.8612	23.8884	23.883
2700.1	3	1	20	0	0.02	0.05	0.972434	0.93056	0.769434	4.83975	23.9787	24.06	24.0437
2700.1	3	1	15	0	0.02	0.05	0.969491	0.912278	0.755141	11.1507	23.9937	23.9087	23.9257
3000.1	3	1	0	0	0.02	0.05	0.940291	0.940751	0.775741	1.08475	23.5087	23.6178	23.596
3000.1	3	1	10	0	0.02	0.05	0.973472	0.933148	0.77149	1.37775	24.0425	24.0641	24.0597
3000.1	3	1	5	0	0.02	0.05	0.888561	0.900751	0.742191	6.712	23.825	23.8559	23.8497
3000.1	3	1	20	0	0.02	0.05	0.980461	0.946031	0.781816	1.63175	23.9962	23.9269	23.9407
3000.1	3	1	15	0	0.02	0.05	0.976815	0.911699	0.755071	2.458	23.98	23.9912	23.989
3300.1	3	1	0	0	0.02	0.05	0.935678	0.94438	0.778335	0.24975	23.525	23.5153	23.5172
3300.1	3	1	10	0	0.02	0.05	0.98081	0.949572	0.784577	1.5785	23.955	23.9487	23.95
3300.1	3	1	5	0	0.02	0.05	0.403952	0.878718	0.707843	0.54925	23.4625	23.6	23.5725
3300.1	3	1	20	0	0.02	0.05	0.973998	0.948739	0.783592	5.48775	24.0025	23.9887	23.9915
3300.1	3	1	15	0	0.02	0.05	0.97442	0.946836	0.782137	8.0765	24.0075	23.9903	23.9937
3600.1	3	1	0	0	0.02	0.05	0.949202	0.938231	0.77422	0.09175	23.4287	23.4809	23.4705
3600.1	3	1	10	0	0.02	0.05	0.979348	0.945454	0.781314	1.7025	24.0112	24.0353	24.0305
3600.1	3	1	5	0	0.02	0.05	0.95283	0.92012	0.760364	0.447	23.565	23.5125	23.523
3600.1	3	1	20	0	0.02	0.05	0.979904	0.943078	0.779503	1.727	23.9175	23.9791	23.9667
3600.1	3	1	15	0	0.02	0.05	0.971234	0.930184	0.769083	2.2085	23.9962	24.0319	24.0247
3900.1	3	1	0	0	0.02	0.05	0.945022	0.92808	0.766144	0.1715	23.5412	23.4906	23.5007
3900.1	3	1	10	0	0.02	0.05	0.969365	0.937184	0.774409	1.36225	23.9975	24.0222	24.0172
3900.1	3	1	5	0	0.02	0.05	0.963099	0.931565	0.769743	0.24925	23.7925	23.6416	23.6717
3900.1	3	1	20	0	0.02	0.05	0.96485	0.912358	0.754965	5.71275	24.04	24.0072	24.0137
3900.1	3	1	15	0	0.02	0.05	0.964679	0.917276	0.758761	8.49375	24.0337	23.9959	24.0035
4200.1	3	1	0	0	0.02	0.05	0.948598	0.951195	0.78425	0.11425	23.5525	23.5456	23.547
4200.1	3	1	10	0	0.02	0.05	0.983821	0.921552	0.763047	1.2835	24.05	24.0094	24.0175
4200.1	3	1	5	0	0.02	0.05	0.964971	0.937649	0.774549	0.15975	23.9475	23.855	23.8735
4200.1	3	1	20	0	0.02	0.05	0.967085	0.919503	0.760608	1.72525	24.0062	24.1094	24.0887
4200.1	3	1	15	0	0.02	0.05	0.976241	0.929936	0.769144	2.18225	24.0437	24.0269	24.0302
4500.1	3	1	0	0	0.02	0.05	0.911286	0.932882	0.768238	0.473	23.5288	23.4788	23.4888
4500.1	3	1	10	0	0.02	0.05	0.982217	0.938748	0.776267	1.32125	23.99	23.9984	23.9968
4500.1	3	1	5	0	0.02	0.05	0.978024	0.925189	0.765562	1.82525	23.9188	23.9328	23.93
4500.1	3	1	20	0	0.02	0.05	0.968571	0.926088	0.765778	10.6055	23.9988	24.0025	24.0018
4500.1	3	1	15	0	0.02	0.05	0.980066	0.928158	0.767963	9.808	23.9713	24.0472	24.032
4800.1	3	1	0	0	0.02	0.05	0.935923	0.949925	0.782654	0.07175	23.5338	23.5275	23.5288
4800.1	3	1	10	0	0.02	0.05	0.97749	0.932494	0.771187	1.667	23.9463	23.9528	23.9515
4800.1	3	1	5	0	0.02	0.05	0.868058	0.896623	0.738011	9.832	23.7488	23.9484	23.9085
4800.1	3	1	20	0	0.02	0.05	0.981827	0.94761	0.783108	2.00425	24.05	24.07	24.066
4800.1	3	1	15	0	0.02	0.05	0.982284	0.938113	0.775779	2.172	23.9638	23.9906	23.9853
5100	3	1	0	0	0.02	0.05	0.950967	0.959787	0.791035	0.12575	23.5163	23.4481	23.4618
5100	3	1	10	0	0.02	0.05	0.962771	0.937151	0.774058	1.27025	23.9588	23.9869	23.9813
5100	3	1	5	0	0.02	0.05	0.954874	0.889761	0.736983	2.43375	23.9325	23.89	23.8985
5100	3	1	20	0	0.02	0.05	0.97075	0.941871	0.778108	6.43575	24.0188	23.9794	23.9873
5100	3	1	15	0	0.02	0.05	0.974205	0.92399	0.76444	8.2195	24.0088	23.9909	23.9945
5400	3	1	0	0	0.02	0.05	0.948337	0.944194	0.778804	0.10625	23.5213	23.4541	23.4675
5400	3	1	10	0	0.02	0.05	0.983896	0.934617	0.773155	1.29325	24.015	24.0078	24.0093
5400	3	1	5	0	0.02	0.05	0.884674	0.899094	0.740719	9.03	23.8325	23.8603	23.8548
5400	3	1	20	0	0.02	0.05	0.984832	0.938317	0.776065	1.71225	23.9925	23.9906	23.991
5700	3	1	0	0	0.02	0.05	0.94276	0.934464	0.770983	0.93725	23.5263	23.5566	23.5505
5400	3	1	15	0	0.02	0.05	0.978757	0.937257	0.774937	2.17125	24.0288	24.025	24.0258
5700	3	1	10	0	0.02	0.05	0.973023	0.937042	0.774484	1.407	23.9375	24.0625	24.0375
5700	3	1	5	0	0.02	0.05	0.580865	0.926316	0.7502	0.7025	23.3813	23.7641	23.6875
5700	3	1	20	0	0.02	0.05	0.969799	0.94461	0.780184	4.3905	24.02	24.0028	24.0063
6000	3	1	0	0	0.02	0.05	0.952013	0.946319	0.780632	0.14475	23.4513	23.4041	23.4135
5700	3	1	15	0	0.02	0.05	0.980037	0.941323	0.778149	8.9455	24.0413	23.9981	24.0068
6000	3	1	10	0	0.02	0.05	0.974117	0.932649	0.771136	1.5815	23.9675	23.9519	23.955
6000	3	1	5	0	0.02	0.05	0.698177	0.886304	0.722662	1.8725	23.815	23.2866	23.3923
6000	3	1	20	0	0.02	0.05	0.976771	0.934172	0.772449	2.06	24.03	23.9297	23.9498
6300	3	1	0	0	0.02	0.05	0.949108	0.946472	0.780609	0.06075	23.5313	23.5166	23.5195
6000	3	1	15	0	0.02	0.05	0.972299	0.880565	0.730801	2.304	23.9625	23.9728	23.9708
6300	3	1	10	0	0.02	0.05	0.975247	0.92225	0.763148	1.437	24.0088	23.9688	23.9768
6300	3	1	5	0	0.02	0.05	0.946922	0.938505	0.774321	0.06275	23.6263	23.6103	23.6135
6600	3	1	0	0	0.02	0.05	0.94467	0.952862	0.785354	0.0935	23.4425	23.5166	23.5018
6300	3	1	20	0	0.02	0.05	0.966643	0.936871	0.774031	4.0795	23.9738	23.9869	23.9843
6300	3	1	15	0	0.02	0.05	0.965025	0.912142	0.754807	7.88025	23.99	23.9903	23.9903
6600	3	1	10	0	0.02	0.05	0.952706	0.930368	0.768299	1.65775	23.9363	24.0481	24.0258
6600	3	1	5	0	0.02	0.05	0.969915	0.910282	0.753619	0.1575	23.8263	23.7188	23.7403
6900	3	1	0	0	0.02	0.05	0.936469	0.937867	0.773317	0.1765	23.375	23.4788	23.458
6600	3	1	20	0	0.02	0.05	0.982631	0.944775	0.780953	1.70725	23.9363	23.9959	23.984
6600	3	1	15	0	0.02	0.05	0.973036	0.92999	0.769024	2.29575	23.9925	24.0472	24.0363
6900	3	1	10	0	0.02	0.05	0.976823	0.944037	0.78009	1.74175	24.0075	24.0253	24.0218
7200	3	1	0	0	0.02	0.05	0.935194	0.948408	0.78144	0.118	23.4588	23.4553	23.456
6900	3	1	5	0	0.02	0.05	0.982206	0.922158	0.763433	1.446	23.9563	23.8684	23.886
6900	3	1	20	0	0.02	0.05	0.933501	0.942449	0.776735	7.89725	23.9975	23.9713	23.9765
6900	3	1	15	0	0.02	0.05	0.958821	0.917366	0.758534	9.74375	24.05	23.9781	23.9925
7200	3	1	10	0	0.02	0.05	0.982018	0.94266	0.779284	1.61	24.0038	23.9619	23.9703
7500	3	1	0	0	0.02	0.05	0.929806	0.947967	0.780841	0.11775	23.4713	23.4809	23.479
7200	3	1	5	0	0.02	0.05	0.972172	0.90267	0.747854	5.6675	23.9038	23.9141	23.912
7200	3	1	20	0	0.02	0.05	0.986834	0.951832	0.786628	1.79775	24.0025	23.9384	23.9513
7200	3	1	15	0	0.02	0.05	0.980472	0.929314	0.768878	2.14375	24.0588	24.0022	24.0135
7500	3	1	10	0	0.02	0.05	0.980558	0.936185	0.7742	1.745	23.9725	23.9728	23.9728
7800	3	1	0	0	0.02	0.05	0.951197	0.928426	0.766717	0.34275	23.5213	23.5738	23.5633
7500	3	1	5	0	0.02	0.05	0.923178	0.905466	0.747534	2.163	23.9113	23.8894	23.8938
7500	3	1	20	0	0.02	0.05	0.972305	0.915066	0.757441	6.86525	24.0788	24.0856	24.0843
7500	3	1	15	0	0.02	0.05	0.955546	0.919566	0.760072	8.79425	23.9988	23.9509	23.9605
7800	3	1	10	0	0.02	0.05	0.972309	0.911586	0.754751	1.6325	24.0338	24.0391	24.038
8100	3	1	0	0	0.02	0.05	0.947162	0.935752	0.772198	0.1245	23.4875	23.5478	23.5358
7800	3	1	5	0	0.02	0.05	0.855536	0.892811	0.73446	11.1128	23.9	23.9644	23.9515
7800	3	1	20	0	0.02	0.05	0.984018	0.911096	0.754979	1.5865	23.9625	23.9872	23.9823
8100	3	1	10	0	0.02	0.05	0.977139	0.943795	0.779919	1.6295	23.9963	24.01	24.0073
7800	3	1	15	0	0.02	0.05	0.972517	0.935313	0.773118	2.33575	24	24.0559	24.0448
8400	3	1	0	0	0.02	0.05	0.950376	0.942983	0.777964	0.5095	23.5213	23.4859	23.493
8100	3	1	5	0	0.02	0.05	0.777134	0.884536	0.724524	1.72	23.7938	23.8275	23.8208
8100	3	1	20	0	0.02	0.05	0.948996	0.927464	0.765864	4.58775	24.0513	23.9409	23.963
8400	3	1	10	0	0.02	0.05	0.966773	0.930237	0.768899	1.621	24.04	24.0206	24.0245
8100	3	1	15	0	0.02	0.05	0.978446	0.920446	0.761916	11.6793	23.965	24.0397	24.0248
8700	3	1	0	0	0.02	0.05	0.952409	0.928856	0.76711	0.07325	23.4488	23.4572	23.4555
8400	3	1	20	0	0.02	0.05	0.980338	0.941239	0.7781	1.9005	24.0138	24.0513	24.0438
8400	3	1	5	0	0.02	0.05	0.454932	0.845716	0.682708	3.83775	23.5613	23.4563	23.4773
8700	3	1	10	0	0.02	0.05	0.975451	0.941255	0.777868	1.45	24.0013	24.0506	24.0408
8400	3	1	15	0	0.02	0.05	0.974409	0.916187	0.758418	2.42575	23.9175	23.9806	23.968
9000	3	1	0	0	0.02	0.05	0.944264	0.941129	0.776227	0.16425	23.4275	23.515	23.4975
8700	3	1	20	0	0.02	0.05	0.960541	0.929951	0.768366	4.39125	24.0263	23.9606	23.9738
8700	3	1	5	0	0.02	0.05	0.971777	0.92907	0.768247	4.9415	23.4913	23.4891	23.4895
9000	3	1	10	0	0.02	0.05	0.976606	0.9336	0.771998	1.36475	23.9975	24.0175	24.0135
8700	3	1	15	0	0.02	0.05	0.963483	0.93142	0.76965	6.90025	24.0313	24.0597	24.054
9300	3	1	0	0	0.02	0.05	0.923731	0.952562	0.784124	0.13975	23.455	23.5103	23.4993
9000	3	1	20	0	0.02	0.05	0.968431	0.931278	0.769789	1.6865	23.9313	24.0194	24.0018
9000	3	1	5	0	0.02	0.05	0.964969	0.932756	0.770759	0.358	23.7938	23.6978	23.717
9300	3	1	10	0	0.02	0.05	0.979937	0.935218	0.773419	1.75075	23.9475	23.9481	23.948
9000	3	1	15	0	0.02	0.05	0.957507	0.904761	0.748716	2.61025	24.0238	24.0038	24.0078
9600	3	1	0	0	0.02	0.05	0.961447	0.954981	0.787812	1.67075	23.4563	23.4734	23.47
9300	3	1	20	0	0.02	0.05	0.963361	0.930736	0.769115	5.71325	24.0475	23.9753	23.9898
9600	3	1	10	0	0.02	0.05	0.979486	0.917083	0.75937	1.39225	23.9788	24.0038	23.9988
9300	3	1	5	0	0.02	0.05	0.977585	0.90547	0.7503	1.41075	23.8413	23.8606	23.8568
9300	3	1	15	0	0.02	0.05	0.971938	0.941188	0.777638	11.9023	24.0113	23.9694	23.9778
9900	3	1	0	0	0.02	0.05	0.940431	0.94227	0.776927	0.0655	23.5538	23.515	23.5228
9600	3	1	20	0	0.02	0.05	0.97173	0.883994	0.733414	1.85175	24.0038	23.9847	23.9885
9900	3	1	10	0	0.02	0.05	0.971205	0.910928	0.754188	1.752	23.96	24.0028	23.9943
9600	3	1	5	0	0.02	0.05	0.966255	0.933289	0.771236	4.069	23.9163	23.9128	23.9135
9600	3	1	15	0	0.02	0.05	0.979187	0.947841	0.783154	2.263	23.9813	23.9913	23.9893
10200	3	1	0	0	0.02	0.05	0.95295	0.948029	0.782004	0.09	23.4825	23.4844	23.484
9900	3	1	20	0	0.02	0.05	0.967943	0.946977	0.781926	5.524	24.01	23.9669	23.9755
10200	3	1	10	0	0.02	0.05	0.986436	0.935211	0.773743	1.59025	23.98	24.02	24.012
9900	3	1	5	0	0.02	0.05	0.971922	0.917258	0.759117	2.37375	23.9238	23.8438	23.8598
9900	3	1	15	0	0.02	0.05	0.971769	0.93773	0.774952	9.35925	24.04	24.0181	24.0225
10500	3	1	0	0	0.02	0.05	0.95129	0.953143	0.785892	0.08125	23.4575	23.475	23.4715
10500	3	1	10	0	0.02	0.05	0.972086	0.929709	0.768761	1.73925	24	23.9866	23.9893
10200	3	1	20	0	0.02	0.05	0.983846	0.92818	0.768173	1.6115	23.9525	24.0344	24.018
10200	3	1	5	0	0.02	0.05	0.858336	0.900333	0.740442	10.0545	23.9275	23.895	23.9015
10200	3	1	15	0	0.02	0.05	0.973605	0.932289	0.770832	1.86425	23.9813	24.0034	23.999
10800	3	1	0	0	0.02	0.05	0.955104	0.941316	0.776903	0.084	23.4863	23.4934	23.492
10800	3	1	10	0	0.02	0.05	0.975382	0.939839	0.776766	1.69875	24.0138	23.9916	23.996
10500	3	1	20	0	0.02	0.05	0.968095	0.932782	0.770936	5.665	23.9575	23.98	23.9755
10500	3	1	5	0	0.02	0.05	0.845622	0.9083	0.746087	1.7675	23.5563	23.8178	23.7655
10500	3	1	15	0	0.02	0.05	0.969158	0.912692	0.755444	11.173	23.99	23.9966	23.9953
11100	3	1	0	0	0.02	0.05	0.93233	0.931303	0.768022	1.0925	23.495	23.4919	23.4925
11100	3	1	10	0	0.02	0.05	0.973493	0.93427	0.772361	1.7585	24.035	24.0047	24.0108
10800	3	1	20	0	0.02	0.05	0.977735	0.928737	0.768293	1.77975	24.015	24.0053	24.0073
10800	3	1	5	0	0.02	0.05	0.436443	0.898264	0.723904	3.2625	23.9988	23.2988	23.4388
10800	3	1	15	0	0.02	0.05	0.969647	0.914266	0.756687	2.36175	23.9813	24.0525	24.0383
11400	3	1	0	0	0.02	0.05	0.956558	0.949162	0.78306	0.133	23.485	23.5081	23.5035
11400	3	1	10	0	0.02	0.05	0.96869	0.921766	0.762439	1.5885	23.9763	24.0072	24.001
11100	3	1	20	0	0.02	0.05	0.963648	0.899783	0.745183	5.12275	24.055	23.9884	24.0018
11100	3	1	5	0	0.02	0.05	0.952831	0.900765	0.745384	1.22475	23.5288	23.5206	23.5223
11700	3	1	0	0	0.02	0.05	0.935246	0.948923	0.781843	0.0845	23.4625	23.4969	23.49
11100	3	1	15	0	0.02	0.05	0.965802	0.920787	0.761535	12.753	23.98	23.9425	23.95
11700	3	1	10	0	0.02	0.05	0.977282	0.930365	0.76953	1.70875	23.9963	23.9678	23.9735
11400	3	1	20	0	0.02	0.05	0.986013	0.9432	0.779904	1.753	23.9225	24.0094	23.992
11400	3	1	5	0	0.02	0.05	0.977909	0.920338	0.761805	0.40575	23.8513	23.705	23.7343
12000	3	1	0	0	0.02	0.05	0.942153	0.941473	0.776392	0.0505	23.5288	23.4938	23.5008
11400	3	1	15	0	0.02	0.05	0.972327	0.93351	0.771714	2.40425	24	23.9922	23.9938
12000	3	1	10	0	0.02	0.05	0.963132	0.932703	0.770626	1.572	24.015	24.105	24.087
11700	3	1	20	0	0.02	0.05	0.962144	0.94059	0.776689	5.6375	23.9288	23.9391	23.937
12300	3	1	0	0	0.02	0.05	0.942287	0.958301	0.789464	0.218	23.5625	23.5228	23.5308
11700	3	1	5	0	0.02	0.05	0.960249	0.918149	0.759212	1.76025	23.84	23.9519	23.9295
11700	3	1	15	0	0.02	0.05	0.978633	0.908877	0.752985	10.3453	23.9863	24.0231	24.0158
12300	3	1	10	0	0.02	0.05	0.974711	0.926721	0.76658	1.53275	23.99	23.9841	23.9853
12000	3	1	20	0	0.02	0.05	0.980212	0.940951	0.777871	1.9005	23.9125	23.9856	23.971
12600	3	1	0	0	0.02	0.05	0.959775	0.94464	0.77971	0.294	23.4688	23.4875	23.4838
12000	3	1	5	0	0.02	0.05	0.95406	0.870569	0.722121	11.257	23.9863	23.9816	23.9825
12000	3	1	15	0	0.02	0.05	0.972528	0.912955	0.755822	2.2315	24.0075	24.0316	24.0268
12600	3	1	10	0	0.02	0.05	0.981599	0.940246	0.777394	1.5525	23.9713	23.9719	23.9718
12300	3	1	20	0	0.02	0.05	0.973249	0.926652	0.766451	6.6325	23.9488	24.0078	23.996
12900	3	1	0	0	0.02	0.05	0.910599	0.940639	0.774236	0.06875	23.46	23.4281	23.4345
12300	3	1	5	0	0.02	0.05	0.946593	0.921194	0.760885	2.235	24.0263	23.9778	23.9875
12300	3	1	15	0	0.02	0.05	0.967794	0.915021	0.757175	9.5335	23.9663	23.9634	23.964
12900	3	1	10	0	0.02	0.05	0.983518	0.95053	0.785455	1.4355	24.0038	23.9691	23.976
12600	3	1	20	0	0.02	0.05	0.981479	0.913187	0.756464	1.76375	24.0463	24.0638	24.0603
13200	3	1	0	0	0.02	0.05	0.948436	0.949483	0.782913	0.0505	23.5013	23.5059	23.505
12600	3	1	5	0	0.02	0.05	0.813618	0.911925	0.747467	8.12125	23.9175	23.7894	23.815
12600	3	1	15	0	0.02	0.05	0.976153	0.931517	0.770363	2.0095	23.965	23.9894	23.9845
13200	3	1	10	0	0.02	0.05	0.974742	0.937898	0.775231	1.67075	24.0488	23.9841	23.997
12900	3	1	20	0	0.02	0.05	0.963608	0.920081	0.760877	5.29875	23.9675	23.9241	23.9328
13500	3	1	0	0	0.02	0.05	0.907962	0.945764	0.778098	0.473	23.465	23.435	23.441
12900	3	1	5	0	0.02	0.05	0.738438	0.93945	0.765969	0.566	23.3963	23.7534	23.682
12900	3	1	15	0	0.02	0.05	0.968349	0.929081	0.768083	11.3263	23.975	23.9656	23.9675
13500	3	1	10	0	0.02	0.05	0.961439	0.914533	0.756476	1.724	24.0138	23.9856	23.9913
13800	3	1	0	0	0.02	0.05	0.94301	0.941766	0.77666	0.72375	23.495	23.4988	23.498
13200	3	1	20	0	0.02	0.05	0.983273	0.952834	0.787226	1.68575	23.9638	23.9684	23.9675
13200	3	1	5	0	0.02	0.05	0.927553	0.916496	0.756302	1.31475	23.645	23.3688	23.424
13200	3	1	15	0	0.02	0.05	0.974367	0.911421	0.75473	2.515	24.0288	24.0325	24.0318
13800	3	1	10	0	0.02	0.05	0.978028	0.915664	0.758197	1.39725	24.0563	24.0003	24.0115
14100	3	1	0	0	0.02	0.05	0.947316	0.960459	0.791382	0.098	23.5125	23.4903	23.4948
13500	3	1	20	0	0.02	0.05	0.957606	0.905014	0.748918	6.52275	24	24.0584	24.0468
13500	3	1	5	0	0.02	0.05	0.951479	0.932313	0.769744	0.16125	23.6775	23.5747	23.5953
13500	3	1	15	0	0.02	0.05	0.96833	0.922849	0.763258	11.5715	23.965	24.0091	24.0003
14100	3	1	10	0	0.02	0.05	0.972798	0.93983	0.776631	1.57	24.0263	24.0197	24.021
14400	3	1	0	0	0.02	0.05	0.95037	0.955007	0.787294	0.368	23.51	23.4947	23.4978
13800	3	1	20	0	0.02	0.05	0.981471	0.916322	0.758885	1.72175	24.0225	24.0022	24.0063
13800	3	1	5	0	0.02	0.05	0.963494	0.913094	0.755465	0.5275	23.8725	23.7063	23.7395
13800	3	1	15	0	0.02	0.05	0.963617	0.924138	0.764019	2.319	23.97	24.0409	24.0268
14400	3	1	10	0	0.02	0.05	0.976388	0.94301	0.779273	1.38825	23.99	23.9906	23.9905
14700	3	1	0	0	0.02	0.05	0.919658	0.953542	0.784695	0.28925	23.5163	23.475	23.4833
14100	3	1	20	0	0.02	0.05	0.97161	0.941359	0.777755	5.95625	24.0088	24.0416	24.035
14100	3	1	5	0	0.02	0.05	0.976895	0.926993	0.766901	1.66375	23.9288	23.8584	23.8725
14100	3	1	15	0	0.02	0.05	0.966612	0.904963	0.749338	9.91425	23.9588	23.945	23.9478
14700	3	1	10	0	0.02	0.05	0.978482	0.93494	0.773131	1.57675	23.9338	23.9738	23.9658
14400	3	1	20	0	0.02	0.05	0.985474	0.94273	0.779513	1.663	23.9963	23.9363	23.9483
14400	3	1	15	0	0.02	0.05	0.978383	0.934751	0.772979	2.137	24.0338	24.0231	24.0253
14400	3	1	5	0	0.02	0.05	0.946066	0.923552	0.762685	9.69625	23.97	23.9684	23.9688
14700	3	1	20	0	0.02	0.05	0.960884	0.930887	0.769107	5.47425	23.9588	23.9688	23.9668
14700	3	1	15	0	0.02	0.05	0.961582	0.906316	0.750125	9.7005	23.9563	23.9647	23.963
14700	3	1	5	0	0.02	0.05	0.919394	0.874375	0.723266	2.0965	23.8613	23.8622	23.862
