0.015	nan
0.056	nan
0.021	nan
0.02	nan
0.027	nan
0.028	nan
0	4.59415
0.031	nan
0.145	0.00298141
0.019	nan
0.043	nan
0.035	nan
0.034	nan
0.039	nan
0.023	nan
0.032	nan
0.025	nan
0.033	nan
0.001	nan
0.206	0.00528312
0.048	nan
0.055	nan
0.036	nan
0.022	nan
0.03	nan
0.005	nan
1.672	0.00156213
0.046	nan
0.011	nan
0.045	nan
0.327	0.00311683
0.007	nan
0.017	nan
0.041	nan
0.05	nan
0.003	nan
0.051	nan
0.012	nan
0.044	nan
0.029	nan
0.049	nan
0.002	nan
0.037	nan
0.038	nan
0.01	nan
0.042	nan
0.058	nan
0.067	nan
0.054	nan
0.04	nan
0.052	nan
0.014	nan
0.016	nan
0.075	0.00556948
0.053	nan
0.096	0.00487828
0.026	nan
0.013	nan
0.106	0.00516907
0.568	2.13566
0.009	nan
0.062	nan
0.146	0.00268339
0.024	nan
0.063	nan
0.066	nan
0.004	nan
0.065	nan
0.018	nan
0.105	0.00184127
0.06	nan
0.059	nan
0.115	0.00348972
0.321	0.0024246
0.401	0.00507839
0.047	nan
0.468	0.00960889
0.226	0.00811346
0.087	0.00543937
0.231	0.00318445
0.085	0.00294514
0.069	nan
0.198	0.00312363
0.116	0.00208907
0.068	nan
0.11	0.00287606
0.165	0.00509359
0.228	0.00146461
0.166	0.00300236
0.219	0.00232591
0.195	0.00172717
0.078	0.00327375
0.196	0.00250142
0.077	0.00237798
0.409	0.00234644
0.155	0.00188042
0.186	0.00168131
0.575	1.47382
0.216	0.00378105
1.086	0.00167242
0.188	0.00266492
0.147	0.00304182
0.851	0.001555
0.088	0.00223727
0.849	0.00238479
0.901	0.00213943
0.941	0.00201767
1.034	0.00137935
0.478	0.00364965
0.608	0.457602
1.001	0.00126149
0.873	0.00230868
0.637	0.0726233
1.039	0.00145721
1.091	0.00155801
1.035	0.00198703
0.205	0.00262048
1.145	0.00155625
1.272	0.00193733
0.838	0.00219621
0.008	nan
1.015	0.00146198
0.543	0.0193001
1.312	0.0019268
0.308	0.00262478
0.287	0.00369918
0.666	0.0643498
1.136	0.00175005
1.689	0.00152314
0.909	0.00172967
0.218	0.00311074
0.257	0.00237866
0.775	0.00206507
0.208	0.00329499
1.575	0.00159591
1.371	0.00194983
1.681	0.00138912
1.732	0.00146797
0.237	0.00120822
0.267	0.00256271
0.437	0.0022683
0.744	0.00518634
0.315	0.00364911
1.703	0.0016393
1.138	0.00164057
0.467	0.091146
0.167	0.00102053
0.958	0.00176086
0.057	nan
0.971	0.00186681
0.177	0.00325376
0.447	0.176336
0.945	0.00164793
1.795	0.00149331
1.207	0.00216693
1.801	0.00149585
0.298	0.00322089
0.337	0.00231406
0.94	0.00152848
0.508	0.608593
0.338	0.00215512
1.535	0.00162674
1.843	0.00154711
0.348	0.00237957
1.075	0.00130387
0.126	0.00413687
0.357	0.00467208
0.398	0.00686685
0.535	2.60183
0.526	1.00743
0.516	0.125313
0.515	1.59714
0.448	0.00222869
1.139	0.00172011
0.457	0.719865
1.219	0.00173723
0.525	2.31481
0.505	3.52019
1.114	0.00161414
0.407	0.00591487
1.186	0.00279934
0.476	0.00577115
0.358	0.00332152
0.496	0.103342
1.836	0.00134388
1.242	0.00149654
1.262	0.00222951
0.465	0.073816
0.416	0.0156279
0.408	0.00213802
1.337	0.00216593
1.365	0.00229727
0.406	0.00283707
0.553	1.50987
0.386	0.00193236
0.405	0.00242422
0.328	0.0023648
0.426	0.951952
0.345	0.00229474
0.346	0.00349383
1.845	0.00146699
0.947	0.00160623
0.495	0.415388
0.385	0.00245399
0.436	0.534445
0.325	0.00214834
0.485	0.179437
0.356	0.00266372
0.458	0.0657477
1.586	0.00171401
1.247	0.00284934
0.305	0.00189593
0.376	0.00173542
0.466	0.00967917
0.375	0.00306155
0.306	0.00279327
0.326	0.00250448
1.557	0.00135174
0.355	0.00442446
0.445	0.220348
0.365	0.00375614
1.465	0.00188136
0.446	1.24766
0.425	0.0018409
1.606	0.00162369
0.286	0.00194187
0.455	0.00432668
0.276	0.0028899
0.265	0.00284939
0.296	0.00290501
0.156	0.00357342
1.513	0.00191925
0.246	0.00210528
0.255	0.0025221
0.395	0.0049041
0.565	2.32907
0.546	0.41814
0.576	1.30248
1.618	0.00176871
0.566	0.00651262
0.596	0.0349558
0.498	1.00034
0.136	0.00305521
0.556	1.38214
0.518	0.257837
0.538	2.13662
0.366	0.00315436
0.487	0.526697
0.537	0.060381
0.616	1.40303
0.266	0.00132409
0.517	2.47999
0.497	0.19004
0.605	0.829166
0.527	0.062125
0.245	0.00202517
0.548	0.155924
0.585	1.33604
1.961	0.00100041
0.555	0.103697
0.558	1.2804
0.488	0.160608
0.235	0.00412988
0.545	1.71927
1.864	0.00150475
0.577	0.0141044
0.236	0.00302136
0.121	0.00376335
0.102	0.00197055
0.111	0.00228157
0.091	0.00273868
0.132	0.00527694
0.131	0.00418189
0.101	0.0037104
0.615	0.170219
1.867	0.00150614
0.172	0.00207069
0.181	0.00227594
0.182	0.00325344
0.191	0.00219845
0.193	0.00154428
0.192	0.00321328
0.081	0.00354384
0.373	0.00218526
0.162	0.0076537
0.176	0.00258833
0.071	nan
1.129	0.00300352
0.547	0.054171
0.201	0.00479049
0.112	0.00286907
1.587	0.00177062
0.242	0.00111284
0.587	1.14274
0.361	0.00193077
0.567	1.91183
0.232	0.00317866
0.271	0.002768
0.331	0.0025287
0.332	0.00184483
0.092	0.00316353
0.122	0.00204754
0.291	0.00231133
0.262	0.00233792
0.588	0.14312
0.322	0.00178475
0.362	0.00183065
0.161	0.00144505
0.341	0.00250425
0.311	0.00826731
0.301	0.00455662
0.381	0.00282112
0.371	0.00286043
0.352	0.00305089
0.372	0.00805165
0.064	nan
0.578	0.65224
0.382	0.00207961
0.392	0.00295019
0.312	0.00223449
0.342	0.00186825
0.095	0.00330517
0.422	0.00336022
0.281	0.00414054
0.421	0.183198
0.302	0.00317
0.282	0.00317353
0.431	0.0028813
0.412	0.00675183
0.252	0.00141303
0.432	0.0100503
0.261	0.00205124
0.442	0.00680573
0.083	0.00411346
0.441	0.0134535
0.074	0.00316518
0.084	0.00238298
0.073	0.00378314
0.093	0.00354054
0.094	0.00503191
0.103	0.00264253
0.113	0.00456183
0.104	0.00207489
0.123	0.00449537
0.211	0.00382883
0.124	0.00323389
0.143	0.00411351
0.114	0.00385388
0.153	0.00217054
0.221	0.00339933
0.144	0.00284848
0.402	0.00252838
0.133	0.0025179
0.175	0.00368315
0.163	0.00284725
0.174	0.00251799
0.173	0.00258803
0.164	0.00186801
0.203	0.00169714
0.184	0.00205815
0.183	0.00186546
0.194	0.00370552
0.204	0.00249713
0.214	0.00256132
0.213	0.00511356
0.154	0.00237297
0.223	0.0029002
0.234	0.00437715
0.244	0.00159229
0.233	0.00296693
0.253	0.0032076
0.254	0.00245205
0.263	0.00253802
0.283	0.00348046
0.264	0.00255089
0.294	0.00227496
0.304	0.00314168
0.079	0.00334132
0.284	0.00370389
0.293	0.00259455
0.08	0.00304459
0.273	0.00150029
0.303	0.00337586
0.07	nan
0.099	0.00175571
0.119	0.00462281
0.109	0.00423008
0.1	0.00460208
0.12	0.00157977
0.129	0.00582551
0.536	0.0425653
0.13	0.00187455
0.089	0.00410555
0.14	0.00385624
0.149	0.00172889
0.15	0.00244744
0.16	0.00241771
0.18	0.00156656
0.189	0.00225162
0.17	0.00273429
0.179	0.00229183
0.199	0.00264021
0.19	0.00405865
0.159	0.0025053
0.461	0.0118539
0.2	0.00374967
0.21	0.00215508
0.462	0.0525605
0.209	0.00385916
0.471	0.00380359
0.23	0.00245113
0.229	0.00171711
0.368	0.00265633
0.22	0.00225862
0.249	0.00712113
0.25	0.00379989
0.239	0.00397644
0.259	0.00179881
0.24	0.00179634
0.27	0.00311572
0.3	0.00311854
0.28	0.00225105
0.289	0.00369741
0.269	0.00292646
0.29	0.00280275
0.299	0.00291851
0.279	0.00482102
0.309	0.00243776
0.26	0.00285767
0.31	0.00246106
0.32	0.00271591
0.329	0.0024273
0.339	0.00216665
0.34	0.00226544
0.359	0.00257552
0.369	0.00275262
0.36	0.0045195
0.38	0.00464448
0.389	0.00229289
0.379	0.00257068
0.349	0.00197718
0.37	0.00587759
0.39	0.00223946
0.33	0.00213337
0.41	0.010391
0.853	0.0024331
0.439	0.0118681
0.45	0.286584
0.429	0.00480263
0.399	0.00475185
0.43	0.00277087
0.44	0.00805504
0.626	0.00374397
0.42	0.0119829
0.46	0.0319358
0.459	0.00895517
0.469	0.00520478
0.47	0.744161
0.625	0.358422
0.479	1.27362
0.499	0.00575331
0.509	3.07779
0.489	0.392709
0.49	3.9196
0.51	0.0110074
0.48	0.0701266
0.5	0.0506469
0.519	0.0283324
0.529	1.67906
0.52	0.342708
0.539	0.0377834
0.53	2.52832
0.481	0.28931
0.549	0.638623
0.482	0.00554119
0.491	0.821108
0.492	0.284813
0.502	0.257837
0.55	0.0732356
0.511	3.42409
0.56	0.676125
0.559	0.603506
0.512	1.01577
0.522	2.02238
0.531	0.0429832
0.541	0.979787
0.551	1.5964
0.552	0.0360139
0.542	0.955047
0.561	0.0428253
0.571	0.0635231
0.562	0.19597
0.572	0.431613
0.582	0.568915
0.592	0.416551
0.581	1.40415
0.591	1.92943
0.601	0.970142
0.612	1.2122
0.611	0.382972
0.621	0.0828143
0.602	0.0211166
0.622	0.0132338
0.641	0.00630259
0.632	0.0187323
0.631	0.00374316
0.651	0.838717
0.652	0.285127
0.671	0.0722004
0.662	0.00231759
0.661	0.00867731
0.672	0.00538175
0.681	0.790428
0.702	0.0179532
0.701	0.00527047
0.711	0.120355
0.691	0.0147886
0.692	0.010583
0.722	0.00219112
0.721	0.00518168
0.731	0.00555037
0.742	0.00315173
0.751	0.00543538
0.741	0.00349369
0.752	0.0043617
0.762	0.00521914
0.772	0.00904561
0.771	0.0106473
0.781	0.00368874
0.782	0.00341523
0.811	0.00327705
0.821	0.00269073
0.801	0.00430709
0.822	0.00237839
0.812	0.00277818
0.831	0.00208573
0.802	0.00453322
0.313	0.00360063
0.792	0.0102632
0.841	0.00214247
0.314	0.00213912
0.333	0.00266323
0.343	0.00236332
0.324	0.00241158
0.344	0.00230903
0.832	0.00272431
0.353	0.00315841
0.354	0.0026562
0.842	0.00317345
0.334	0.00222877
0.364	0.00572266
0.363	0.003179
0.597	0.905607
0.374	0.00206443
1.033	0.00137198
0.607	0.746002
0.383	0.00262766
0.598	0.185648
0.384	0.00402648
0.617	0.732678
0.618	0.311224
0.393	0.00254162
0.628	0.266935
0.403	0.00220184
0.638	1.80773
0.394	0.00272265
0.404	0.00829517
0.185	0.00273258
0.647	0.00336211
0.414	0.0114591
0.423	0.00852045
0.413	0.045859
0.433	0.0263448
0.667	0.023955
0.434	1.08269
0.424	0.00579881
0.658	0.243867
0.668	0.138047
0.443	0.0415095
0.677	0.0132688
0.657	0.00259459
0.687	0.00175168
0.454	0.239006
0.444	0.901399
0.688	0.0433829
0.463	0.12206
0.464	0.013914
0.698	0.00288384
0.453	0.012216
0.473	0.267493
0.707	0.00357559
0.678	0.0146372
0.708	0.00446422
0.718	0.00369466
0.727	0.0106976
0.717	0.00641018
0.728	0.00313483
0.737	0.00353215
0.738	0.00794576
0.747	0.00291528
0.748	0.00610346
0.768	0.00682919
0.758	0.00385451
0.787	0.00265294
0.777	0.00328837
0.778	0.00473303
0.757	0.00451778
0.788	0.00392199
0.808	0.00468207
0.797	0.00252473
0.817	0.00172712
0.827	0.0018587
0.837	0.00304586
0.828	0.0027963
0.484	0.995747
0.493	0.00490298
0.847	0.00168684
0.483	0.759814
1.227	0.00187943
0.494	0.0860913
0.798	0.00234907
0.818	0.00159289
0.513	0.122178
0.504	0.878146
0.514	0.935895
0.503	0.403153
0.523	1.65916
0.533	3.13884
0.534	3.31782
0.544	0.738536
0.554	0.513511
0.573	0.0561368
0.574	1.21271
0.564	1.60966
0.569	1.26088
0.57	0.616293
0.865	0.00212753
0.599	0.0109442
0.583	1.61107
0.579	1.6165
0.619	0.0705307
0.61	0.0220302
0.59	0.0858344
0.62	0.666497
0.589	1.26577
0.609	0.603317
0.639	0.0507413
0.649	0.0810066
0.66	0.21391
0.636	0.498443
0.65	0.00436954
0.645	0.00322723
0.6	0.108332
0.646	0.00496094
0.64	0.0156687
0.656	0.069308
0.669	0.00223899
0.594	0.0616433
0.629	0.00424434
0.67	0.00545914
0.665	0.135636
0.593	1.34205
0.655	0.0172017
0.659	0.0167721
0.675	0.00567367
0.635	0.0546238
1.413	0.00152637
0.603	0.0565422
0.676	1.22921
0.68	0.0167992
0.686	0.00653977
0.679	0.00539438
0.685	0.00992542
0.696	0.0346273
0.715	0.0121459
0.689	0.391218
0.706	0.00630833
0.613	0.0664819
0.695	0.00281004
0.69	0.0215553
0.699	0.00434857
0.614	0.0584404
0.705	0.0325282
0.726	0.00159808
0.709	0.00620561
0.736	0.00231969
0.623	1.76723
0.716	0.0144301
0.735	0.00704816
0.746	0.00539516
0.71	0.00667146
0.624	1.83896
0.755	0.00728802
0.766	0.00918008
0.633	0.0191553
0.745	0.0112765
0.729	0.011092
0.725	0.0121369
0.634	0.0517766
0.719	0.00384828
0.785	0.00349948
0.73	0.00392666
0.739	0.0133986
0.7	0.0110459
1.684	0.00140005
0.786	0.0026701
0.75	0.00413972
0.796	0.00379058
0.643	0.367381
0.74	0.0042972
0.759	0.00376134
0.653	0.068202
0.769	0.00953742
0.779	0.00299193
0.749	0.00972174
0.644	0.0572675
0.77	0.00660165
0.776	0.00324004
0.806	0.00302581
0.78	0.0066273
0.816	0.00260643
0.825	0.00272975
0.805	0.00239558
0.826	0.00377087
0.835	0.00191411
0.79	0.00257096
0.789	0.00487508
0.81	0.00233773
0.819	0.00207759
0.809	0.00197033
0.829	0.00251428
0.845	0.00291796
0.836	0.00237221
0.756	0.0101105
0.8	0.0027759
0.84	0.00269347
0.846	0.00207822
0.83	0.00225098
0.664	0.0287714
0.693	0.0156436
0.82	0.00228242
0.673	0.42724
0.683	0.0996658
0.694	0.0103677
0.674	0.00265495
0.663	0.0349607
0.704	0.00643448
0.795	0.00389188
0.703	0.0079658
0.714	0.0162078
0.723	0.0150048
0.724	0.0198609
0.713	0.00396663
0.734	0.004218
0.753	0.00406874
0.743	0.00635118
0.765	0.0062937
1.731	0.00159656
0.783	0.00341921
0.784	0.00385809
0.764	0.00382277
0.793	0.00980377
0.773	0.00263525
0.794	0.00279704
0.803	0.00277623
0.824	0.0025812
0.833	0.00210261
0.823	0.00191783
0.754	0.00415161
0.814	0.00209473
0.834	0.00194368
0.843	0.00297767
0.774	0.0067424
0.844	0.00199545
0.855	0.00234786
0.854	0.00484425
0.863	0.00221708
0.813	0.00346329
0.861	0.00214871
0.852	0.00243515
0.862	0.0027787
0.871	0.00163679
0.872	0.0019594
0.892	0.00217415
0.881	0.00266761
0.891	0.0027627
0.85	0.00234213
0.859	0.00229337
0.864	0.00168249
0.882	0.00272545
0.869	0.00232433
0.879	0.0025239
0.87	0.00227295
0.889	0.00262976
0.89	0.00245486
0.899	0.000923377
0.902	0.00236905
0.912	0.00266249
0.874	0.00253258
0.921	0.00170162
0.922	0.0020933
0.883	0.00258757
0.884	0.00174387
0.9	0.0023299
0.932	0.00174922
0.903	0.00221606
0.904	0.00247181
0.894	0.00223485
0.931	0.00164722
0.913	0.00180362
0.914	0.00179522
0.924	0.00182816
0.933	0.00182302
0.934	0.00179944
0.893	0.00199183
0.942	0.00213322
0.951	0.00186119
0.952	0.00190068
0.961	0.00180307
0.923	0.0018936
0.943	0.00168403
0.962	0.00204964
1.784	0.00145996
0.981	0.00220959
0.972	0.00163146
0.991	0.0015454
0.982	0.00417703
0.992	0.00175667
0.875	0.00174481
0.876	0.00241556
0.866	0.00211316
0.886	0.00242265
0.895	0.00248214
0.885	0.0022058
0.896	0.0025603
0.905	0.00295291
0.915	0.00156638
0.906	0.00236648
0.935	0.00181242
0.955	0.00193551
1.267	0.00170233
0.946	0.00171652
0.956	0.00160412
0.926	0.00235371
0.925	0.0017138
0.965	0.00166264
0.975	0.00175761
0.953	0.00173212
0.954	0.00188945
0.936	0.00161781
0.963	0.002034
0.964	0.00163042
0.973	0.00167152
0.986	0.00187212
0.976	0.00167865
0.983	0.00173779
0.974	0.00172172
0.995	0.0018746
0.985	0.00159499
0.984	0.0022578
0.993	0.00150059
0.996	0.00169129
1.004	0.00168603
1.005	0.00159221
1.003	0.0016343
1.014	0.00157918
1.006	0.0015176
1.023	0.00199836
1.013	0.00184215
1.026	0.00198777
1.025	0.00193279
0.097	0.00120752
1.016	0.00173409
0.098	0.00280882
0.118	0.00188282
0.107	0.00578735
0.127	0.00233862
0.128	0.00156212
0.919	0.00173251
0.91	0.00188358
0.929	0.00228574
0.108	0.00414085
0.939	0.00182566
0.92	0.00186879
0.949	0.00200473
1.725	0.00136119
0.95	0.00195567
0.959	0.00153917
0.117	0.00284053
0.96	0.00161283
0.97	0.00145993
0.98	0.00188971
0.989	0.00226066
0.99	0.00206247
1	0.0018978
0.999	0.0014216
0.93	0.00198603
1.009	0.00131415
0.979	0.00172484
1.019	0.00183
1.029	0.0014221
1.02	0.00132957
1.002	0.00166344
1.03	0.00214298
1.01	0.00166419
1.011	0.00133244
1.022	0.00170801
1.032	0.00108358
1.044	0.00153223
1.031	0.0016886
1.021	0.00189759
1.054	0.00144724
1.043	0.00190855
1.053	0.00152734
1.074	0.00178191
1.063	0.00135526
1.052	0.00133776
1.051	0.00168207
1.045	0.00175188
1.073	0.00113503
1.042	0.00123483
1.041	0.00234886
1.046	0.00213613
1.062	0.00188521
1.071	0.00173206
1.061	0.00155058
1.056	0.00172192
1.072	0.0016847
1.055	0.00126294
1.065	0.0017436
1.076	0.00187856
0.006	nan
1.036	0.00123469
1.081	0.000996207
0.138	0.00377399
1.066	0.00186425
1.082	0.00214255
0.215	0.00146495
0.157	0.00319176
0.148	0.00216715
1.095	0.00152354
1.105	0.00177276
1.106	0.0019299
1.085	0.00178126
1.116	0.00139661
1.135	0.00205628
1.096	0.00168713
0.158	0.00375904
0.168	0.00354804
1.092	0.00188869
1.115	0.00149781
1.101	0.00150558
1.126	0.00162502
1.102	0.00131961
1.111	0.00115196
1.121	0.00208825
1.131	0.00128888
1.132	0.00230411
1.141	0.00172815
1.142	0.00150403
1.151	0.00173095
1.152	0.00170175
1.122	0.0014966
1.162	0.00159264
1.172	0.00153113
1.161	0.0019536
1.155	0.00232499
1.165	0.00168685
1.166	0.00179978
1.175	0.00185961
1.176	0.00155221
1.156	0.0020538
0.178	0.00198063
0.187	0.00147199
1.049	0.00229708
1.04	0.00149247
1.05	0.00143636
1.059	0.00183016
1.07	0.00417284
1.079	0.0014846
1.06	0.00110844
1.08	0.00171704
1.146	0.00151028
1.089	0.00159267
1.09	0.00202456
1.099	0.00160408
1.11	0.00224502
1.1	0.00118399
1.109	0.00169419
1.13	0.00136552
1.12	0.00501527
1.14	0.00154192
0.427	0.0029221
1.149	0.00199467
1.15	0.00182767
1.159	0.00148867
1.16	0.00174997
1.17	0.00172949
1.169	0.00200297
1.179	0.00291916
1.119	0.00149233
1.199	0.00272559
1.189	0.00178186
1.2	0.00191355
1.18	0.00200385
0.438	0.031942
1.22	0.00259933
1.19	0.00148794
1.209	0.00172621
1.23	0.00140584
1.229	0.00199354
1.181	0.00167728
1.191	0.00165116
1.182	0.00190513
1.192	0.0017818
1.202	0.00174113
1.211	0.00188726
1.212	0.00132025
1.221	0.00190175
1.231	0.00179526
1.232	0.00169984
1.083	0.00134671
1.084	0.00135815
1.093	0.00166938
1.094	0.00145129
1.104	0.00170906
1.124	0.00733134
1.133	0.00170468
1.134	0.00167619
0.486	0.0106237
1.143	0.00129664
1.153	0.00157786
1.144	0.00196346
1.164	0.00243773
1.123	0.00169165
1.163	0.00199428
1.173	0.00203907
1.174	0.00135516
1.193	0.00163201
1.194	0.00133957
1.113	0.00141697
1.184	0.00165429
1.203	0.00185614
1.214	0.00173261
1.204	0.00252367
1.233	0.00178567
1.234	0.00217113
0.076	0.00504515
1.224	0.00195443
0.397	0.00223371
1.205	0.00134155
1.195	0.00153461
1.154	0.00217803
1.196	0.00149035
1.215	0.00228281
1.223	0.00206608
1.206	0.00178996
1.225	0.00204825
1.235	0.00159449
1.236	0.00165127
0.197	0.00234807
1.245	0.00238202
1.255	0.001829
1.246	0.00194049
1.256	0.00186948
1.185	0.00133781
1.265	0.00150922
1.276	0.00206745
1.286	0.00168359
1.296	0.00188914
1.295	0.00206239
1.305	0.00150354
1.285	0.00124481
1.315	0.00159863
1.275	0.00216726
1.316	0.00196737
1.306	0.00157233
1.241	0.00193906
1.243	0.0016773
0.848	0.00210266
1.216	0.00184313
0.857	0.0025053
1.251	0.00233638
0.867	0.00270031
1.252	0.0017284
0.317	0.00416599
0.868	0.00321019
1.244	0.00181449
1.266	0.00234805
1.253	0.00241633
1.261	0.00113391
1.271	0.00174737
0.878	0.00199154
1.239	0.00151376
0.858	0.00255004
0.877	0.00229937
0.887	0.00178878
0.888	0.0013335
1.24	0.00193526
1.263	0.00181364
0.456	0.00213999
1.264	0.00232854
1.273	0.00183501
1.254	0.0015102
1.282	0.00156204
0.908	0.00138987
1.274	0.00176332
1.283	0.00214303
1.291	0.001677
1.302	0.00220395
1.284	0.00197078
0.898	0.00262502
0.927	0.00184067
0.907	0.00180381
1.303	0.0021808
1.304	0.00167184
1.311	0.00172251
1.314	0.00187836
1.325	0.0014615
0.938	0.00193433
1.326	0.00190668
1.336	0.00246675
1.346	0.00202127
1.356	0.00170343
1.355	0.00195571
1.335	0.00210088
1.328	0.00225749
0.377	0.00239415
1.293	0.00222062
1.327	0.00151997
0.917	0.00187895
1.348	0.0023319
1.358	0.00228328
1.357	0.00189503
1.347	0.0022284
1.338	0.00179631
0.415	0.0051761
1.366	0.00216227
1.367	0.00195545
1.368	0.0017394
1.375	0.00149556
1.376	0.00246169
1.322	0.00210366
1.35	0.00144634
1.349	0.00227269
1.29	0.00191849
1.087	0.00172151
1.068	0.00152156
1.459	0.00205826
1.48	0.00202631
1.289	0.00178874
1.342	0.00185303
1.332	0.00162246
1.058	0.00113744
1.341	0.0022257
1.352	0.00154944
1.362	0.00159587
1.351	0.00142163
1.048	0.00118224
1.038	0.00169555
1.047	0.00158285
1.088	0.00147574
1.361	0.00186203
1.28	0.0020798
0.207	0.00229585
1.331	0.0016969
1.372	0.00190554
1.382	0.00196262
1.381	0.00211194
1.391	0.00209515
1.107	0.00130648
1.098	0.00139939
1.279	0.00310967
1.037	0.00145155
1.402	0.00184409
1.018	0.0014954
1.027	0.00144165
1.028	0.00138309
1.392	0.00173552
1.017	0.00159663
1.412	0.00246207
1.411	0.0020228
1.299	0.0021239
1.108	0.00242029
1.008	0.00201632
1.007	0.0014051
1.421	0.00187916
1.431	0.00230919
1.422	0.00179607
0.988	0.00193646
0.997	0.00185417
1.432	0.00195112
1.441	0.00214236
0.987	0.0017481
1.401	0.0026179
1.451	0.00178897
1.452	0.00212254
1.117	0.00183187
1.442	0.00167985
1.269	0.00249118
1.118	0.00164452
0.978	0.00148472
1.26	0.00171083
1.461	0.00161034
0.977	0.0016185
1.462	0.00217585
0.968	0.00154363
0.967	0.00203749
1.128	0.00167623
1.313	0.00211854
1.481	0.00202469
0.217	0.00383865
1.259	0.00177418
0.948	0.00190275
0.435	0.00208111
1.471	0.00167063
1.294	0.00236853
1.127	0.00150626
1.3	0.00264461
1.25	0.00151342
0.928	0.00181983
0.937	0.00180401
1.292	0.00216904
0.225	0.00259836
1.249	0.00168375
1.137	0.00156045
1.097	0.00339004
0.086	0.00200089
0.897	0.00157886
1.147	0.00187124
1.148	0.00219195
1.157	0.00145324
1.167	0.00158828
1.158	0.00163795
1.414	0.00214543
1.309	0.00219718
1.423	0.00177126
1.433	0.00184171
1.434	0.00180635
1.443	0.00163298
1.453	0.00179674
1.444	0.00217276
1.464	0.00147215
1.454	0.00161761
1.463	0.00219897
1.473	0.00161759
1.483	0.00186925
1.503	0.00203472
1.504	0.00188424
1.494	0.00167457
1.474	0.00197845
1.493	0.00163994
1.485	0.0020864
1.495	0.00156475
1.496	0.0021102
1.506	0.00195658
1.486	0.00209358
1.168	0.00181333
1.505	0.00230618
0.227	0.00155269
1.515	0.00210265
1.516	0.00199873
1.525	0.00205266
1.31	0.00202456
1.526	0.00199187
1.187	0.00225854
1.178	0.00186589
1.319	0.00230458
1.546	0.00197054
1.536	0.00175245
1.555	0.00137441
1.556	0.00142877
1.565	0.00218333
1.177	0.00268977
1.566	0.00165993
1.576	0.00157255
1.545	0.00183949
1.197	0.00200799
0.248	0.001247
1.208	0.00205734
0.247	0.00238332
0.316	0.00250344
1.585	0.00122271
1.217	0.00185481
0.238	0.00410856
1.218	0.00194543
1.238	0.00162781
0.367	0.00572461
1.228	0.00209563
0.258	0.00337509
1.248	0.00197916
1.237	0.00173151
1.268	0.00212116
1.257	0.00249509
0.268	0.00326657
1.277	0.00161062
1.288	0.00214223
1.287	0.00221629
1.278	0.00179821
1.298	0.00232284
1.297	0.00179109
1.307	0.00215723
1.488	0.0018963
1.308	0.00202061
1.317	0.00172753
1.377	0.00166182
1.318	0.00206148
1.378	0.0022396
1.329	0.00151337
1.33	0.00164632
1.32	0.00219891
1.385	0.00205776
1.388	0.00217743
1.387	0.00234154
1.507	0.00186728
1.508	0.00146889
1.518	0.00174038
1.517	0.00206983
1.324	0.00186015
1.527	0.0020977
1.339	0.00134702
1.498	0.00185259
1.333	0.00195562
1.323	0.00124248
1.528	0.00155225
1.537	0.00137027
1.334	0.00187724
1.344	0.00215144
1.353	0.0022186
1.354	0.00169494
1.538	0.00171996
1.547	0.00191276
1.373	0.00142082
1.383	0.00191453
1.374	0.00178388
1.386	0.00232412
1.363	0.00217816
1.384	0.00217675
0.336	0.00361939
1.393	0.00167429
1.568	0.00133244
1.567	0.00174384
1.577	0.00176781
1.578	0.002288
1.403	0.00125754
1.404	0.00235632
1.369	0.00188514
1.588	0.00125758
1.38	0.00143295
1.379	0.00185405
1.389	0.00184433
1.359	0.00151524
1.399	0.00202292
1.409	0.0019773
1.41	0.00168197
1.548	0.0021417
1.419	0.00237106
1.39	0.00218771
1.42	0.00189504
1.43	0.00175796
1.429	0.00160623
1.36	0.00191348
1.439	0.00214947
1.489	0.00192565
1.44	0.00184501
1.449	0.00166681
1.558	0.0022313
1.37	0.00158378
1.49	0.00186304
1.395	0.00244219
1.396	0.00167006
1.499	0.00181409
1.405	0.00243317
1.415	0.0020266
1.416	0.00202154
1.5	0.00188634
1.425	0.00201139
1.406	0.00247463
1.426	0.00226528
1.509	0.0021393
1.435	0.0019309
1.446	0.00192597
1.51	0.00160144
1.519	0.00153852
1.445	0.00204783
1.436	0.00198001
0.396	0.00447811
1.52	0.00176397
1.466	0.0021169
1.529	0.00190216
1.456	0.00199133
1.53	0.00139121
1.539	0.00163156
1.475	0.00188559
1.54	0.00204478
1.55	0.00184956
1.559	0.00217374
1.56	0.00128787
1.569	0.00202736
1.57	0.00164886
1.579	0.00178927
1.595	0.00137025
1.58	0.00210822
1.589	0.00183937
1.596	0.00148854
1.605	0.00168142
1.397	0.00161179
0.275	0.00239626
1.625	0.00160489
1.616	0.00242435
1.615	0.00210494
1.635	0.0017269
1.636	0.00139647
1.645	0.00191959
1.646	0.00169087
1.599	0.00161149
1.609	0.00233437
1.6	0.00217084
1.629	0.0019529
1.63	0.00171105
1.64	0.00169687
1.62	0.00174124
1.639	0.00203013
1.619	0.00185949
1.65	0.00172801
1.649	0.00155751
1.492	0.00235186
1.491	0.00170272
1.61	0.00161961
1.501	0.00198157
1.512	0.00241297
1.511	0.00209182
1.521	0.00179958
1.522	0.00195296
1.531	0.00170359
1.532	0.0018402
1.542	0.00192493
1.541	0.00204981
1.551	0.00154383
1.655	0.00161573
1.562	0.00215065
1.571	0.00165354
1.572	0.00199873
1.581	0.00148767
1.656	0.00170704
1.582	0.00188622
1.552	0.00202506
1.591	0.0017766
1.592	0.00230637
1.601	0.00179284
1.612	0.001653
1.611	0.0014012
1.602	0.00177256
1.621	0.00172046
1.631	0.00138697
1.659	0.00147303
1.622	0.00188247
1.641	0.00173431
1.642	0.00159639
1.66	0.00187686
1.652	0.00182926
1.632	0.00167551
1.651	0.00146327
1.662	0.00173904
0.586	0.3643
1.514	0.00184023
1.523	0.00221786
1.524	0.00172842
1.533	0.00156051
1.553	0.00205255
1.534	0.00185387
1.544	0.002371
1.665	0.00212229
1.574	0.0022395
1.564	0.00248522
1.563	0.00216507
1.573	0.00150531
1.554	0.00143954
1.583	0.00199699
1.594	0.00156492
1.603	0.0015922
1.584	0.00245644
1.604	0.00150945
1.613	0.00192351
1.666	0.0015632
1.614	0.0016514
1.624	0.00196998
1.634	0.00146778
1.633	0.00170366
1.669	0.00169424
1.643	0.0018127
1.644	0.00173005
1.653	0.00172663
1.663	0.00142232
1.671	0.00191773
1.664	0.0015931
1.398	0.00177826
1.673	0.0014927
1.407	0.00157884
1.408	0.00207036
1.67	0.00141575
0.125	0.00184313
1.417	0.00192875
1.455	0.00206792
1.597	0.00145783
1.427	0.00180173
1.437	0.00186241
1.438	0.00166265
1.598	0.00202594
1.607	0.00137914
1.428	0.00155892
1.418	0.0018227
1.476	0.00195872
1.448	0.00227492
1.447	0.00234852
1.467	0.00229225
1.675	0.00123883
1.468	0.00150971
1.608	0.00175688
1.477	0.00197196
1.457	0.00147033
1.627	0.00155734
1.478	0.00165979
0.507	3.66727
1.628	0.00225038
1.637	0.00185501
1.638	0.0015552
1.647	0.00181649
1.676	0.00162599
1.469	0.00174412
1.46	0.00197515
1.648	0.00151947
1.657	0.00172477
1.479	0.00173764
1.281	0.00167377
1.667	0.00179459
1.078	0.00165679
1.321	0.00153524
1.668	0.00160494
1.47	0.00192238
1.067	0.00127362
1.364	0.00235017
1.674	0.00156917
1.679	0.00163231
1.677	0.00133459
1.682	0.00185592
1.68	0.00161791
1.686	0.00149735
1.683	0.00180273
0.277	0.00252382
0.288	0.00413606
1.691	0.00191173
1.678	0.00173727
1.685	0.00156664
1.702	0.00196207
1.692	0.00135539
1.712	0.00187002
1.721	0.00160698
1.705	0.0015406
1.696	0.00147133
1.711	0.00154347
1.722	0.00166323
1.715	0.00173293
0.307	0.00271316
1.726	0.00158362
0.297	0.00258043
1.69	0.00158939
1.716	0.0015879
1.7	0.00195681
1.695	0.0020409
1.709	0.00137587
1.71	0.00152963
1.72	0.00170125
1.719	0.00169563
1.73	0.00159254
0.318	0.00229074
1.729	0.0015174
1.688	0.00202738
1.693	0.00173362
1.698	0.00167336
1.697	0.00160027
1.707	0.00174152
1.708	0.00156585
1.718	0.00165279
0.278	0.00268152
1.694	0.00162745
1.727	0.00194189
0.477	0.138225
1.704	0.00142413
1.713	0.0019392
1.728	0.00191248
1.723	0.00152647
1.724	0.00160975
1.733	0.00208419
1.739	0.00174779
1.75	0.00141826
1.749	0.00178814
1.74	0.00164064
1.759	0.00145402
1.714	0.0017049
1.76	0.00149054
1.769	0.00125991
1.77	0.00124806
1.755	0.00162752
1.736	0.00166495
1.746	0.00123203
1.766	0.00184135
1.745	0.00159844
1.756	0.00121072
1.765	0.0015475
1.779	0.00120434
1.734	0.00171498
1.775	0.00145457
1.789	0.00144815
1.776	0.00117936
1.78	0.00163093
1.79	0.00119693
1.741	0.00155514
1.742	0.00156294
1.735	0.0014258
1.751	0.0017485
1.761	0.00159568
1.762	0.00142134
1.771	0.00117223
1.786	0.00133671
1.772	0.00210122
1.743	0.00178035
1.744	0.00142334
1.785	0.00130802
1.752	0.00157243
1.791	0.00200594
1.782	0.00197011
1.753	0.00178641
1.781	0.00121288
1.773	0.0015166
1.764	0.0015913
1.774	0.00103784
1.792	0.00152381
1.763	0.00197005
1.783	0.00197311
1.793	0.00160748
1.804	0.00157492
1.814	0.00118409
1.823	0.00157498
1.824	0.00128081
1.813	0.00158551
1.834	0.00121472
1.803	0.00189226
1.833	0.00178097
1.806	0.00180279
1.805	0.00165607
1.796	0.00181243
1.815	0.00103394
1.816	0.0017015
1.825	0.0018082
0.418	0.00432363
1.812	0.00159228
1.826	0.00149142
1.802	0.00141907
0.388	0.00463568
1.822	0.00130477
1.811	0.00140358
1.821	0.00164742
0.428	0.0840944
1.841	0.0015512
1.842	0.00188865
1.861	0.00132372
1.862	0.00162057
1.872	0.00131348
1.871	0.00171967
1.831	0.0017412
1.881	0.00139794
1.892	0.00150536
1.901	0.00139782
1.852	0.00156811
1.851	0.00168465
1.911	0.00151865
1.891	0.00128225
1.912	0.00150729
1.902	0.00165582
1.931	0.00109158
1.932	0.00139652
1.922	0.00180872
1.941	0.0014388
1.951	0.00132281
1.972	0.0012355
0.606	0.711765
1.962	0.00158225
1.942	0.00143989
1.952	0.00157569
1.991	0.000889763
1.971	0.00179364
1.855	0.00161915
1.846	0.00142383
1.865	0.00139037
1.992	0.00113882
1.866	0.00146421
1.876	0.00166163
1.886	0.001393
1.981	0.00141932
1.895	0.00134491
1.896	0.00150485
1.905	0.00130199
1.906	0.00151675
1.885	0.00172581
1.856	0.00150215
1.926	0.00120548
1.916	0.00137425
1.925	0.00139492
1.936	0.00133415
1.945	0.00147275
1.935	0.00117472
1.955	0.00139587
1.956	0.000900672
1.946	0.00147167
1.965	0.0013171
1.985	0.00105159
1.986	0.0012863
1.996	0.00142329
1.966	0.0011875
1.995	0.00109059
1.8	0.00187552
1.799	0.00181768
1.844	0.00148386
1.809	0.0014551
1.853	0.00170412
1.82	0.00151749
1.976	0.0016307
1.975	0.00178456
1.854	0.00152222
1.83	0.00138914
1.84	0.00157976
1.839	0.00145577
0.061	nan
1.819	0.00136139
1.849	0.00175977
1.873	0.00157573
1.85	0.00146716
1.86	0.00131047
1.869	0.00167925
1.87	0.00166715
1.829	0.00163882
1.879	0.00165506
1.883	0.00137684
1.884	0.0013306
1.89	0.00149853
1.859	0.001599
1.9	0.00135353
1.91	0.00151522
1.894	0.00161749
1.903	0.00158527
1.88	0.0015849
1.899	0.00125363
1.909	0.00160597
1.929	0.00153615
1.889	0.00163742
1.94	0.00143775
1.904	0.00170066
1.919	0.00133594
1.939	0.00134281
1.949	0.0013438
1.914	0.00145156
1.913	0.00139769
1.923	0.00147827
1.959	0.00136886
1.96	0.00165359
1.924	0.00107984
1.969	0.00156207
1.93	0.00150094
1.97	0.00146857
1.989	0.00127642
1.934	0.00153856
1.933	0.00157275
1.98	0.00118908
1.99	0.00101703
1.953	0.0015768
1.963	0.00137433
1.964	0.00160086
1.999	0.00108713
1.943	0.00144774
1.954	0.00140951
1.973	0.00138714
1.974	0.00101776
1.993	0.0014378
1.984	0.0009775
1.983	0.0018036
1.944	0.00166767
0.378	0.00410968
0.387	0.002682
1.737	0.00173595
1.738	0.00155821
1.758	0.00130461
1.747	0.00153171
0.417	0.011349
1.767	0.00166404
1.788	0.00134404
1.778	0.00147843
1.777	0.00162089
1.797	0.00178202
1.787	0.00199798
1.798	0.00154382
1.807	0.00199854
1.827	0.00135882
1.808	0.00173932
1.757	0.00186633
1.768	0.0014624
1.837	0.00157308
1.838	0.00118588
1.848	0.00145508
1.847	0.0015396
1.828	0.00164318
1.858	0.00159794
1.818	0.00183026
1.857	0.00104758
1.868	0.00169792
1.877	0.00137109
1.878	0.00159399
1.887	0.00138724
1.888	0.00136115
1.897	0.00136739
1.898	0.00136289
0.141	0.00343775
1.908	0.00142624
1.917	0.0013785
1.918	0.00159007
1.907	0.00137466
1.927	0.00141922
1.928	0.00145307
1.937	0.0012908
1.938	0.00132446
1.957	0.00126045
1.948	0.00139983
1.958	0.00156548
1.947	0.00174841
1.967	0.00134257
1.977	0.000961721
1.997	0.00159331
1.987	0.00126522
1.998	0.000696266
1.978	0.0015098
1.968	0.00159938
0.347	0.00371857
0.475	0.174183
1.988	0.00154163
0.506	3.28174
0.295	0.00502075
0.335	0.00289771
0.285	0.00164898
0.256	0.00156524
0.595	1.76355
0.557	1.39055
0.151	0.00376313
0.528	0.255513
0.202	0.00343575
0.152	0.00202908
0.212	0.00491856
0.241	0.00148427
0.251	0.00340497
0.272	0.0046142
0.135	0.00134063
0.411	0.00549537
0.171	0.00151569
0.451	0.299982
0.134	0.00255167
0.351	0.00373584
0.391	0.00757089
0.274	0.00224506
0.243	0.00153581
0.224	0.00275976
0.09	0.00428764
0.452	0.102365
0.472	1.91803
0.169	0.00461331
0.139	0.00174925
0.419	0.00276078
0.449	0.00622469
0.319	0.00203891
0.501	0.0958508
0.54	0.0192442
0.35	0.00269674
0.521	0.260933
0.532	1.48268
0.682	0.0500251
0.642	0.301828
0.712	0.00492814
0.732	0.00279475
0.072	nan
0.627	1.12032
0.648	0.0194591
0.4	0.00733912
0.323	0.00298052
0.474	0.0414285
0.697	0.111826
0.807	0.00258992
0.791	0.00256887
0.58	0.210349
0.767	0.0105353
0.524	3.23682
0.584	0.182251
0.761	0.0039537
0.654	0.0125503
0.815	0.00382769
0.72	0.00907441
0.76	0.00363294
0.63	0.00905657
0.684	0.102908
0.733	0.00544757
0.804	0.00352893
0.799	0.00533719
0.763	0.00335616
0.86	0.00240199
0.911	0.002304
0.839	0.00244621
0.916	0.00191504
0.966	0.00158009
1.024	0.00175172
0.88	0.00239645
0.944	0.00208314
1.012	0.00153666
0.969	0.00149913
0.994	0.00159455
0.563	0.00399062
1.112	0.00155364
1.069	0.00181336
0.082	0.00660913
0.137	0.00430409
1.125	0.00303046
1.21	0.00201137
1.103	0.00202609
1.213	0.00190244
1.064	0.00149356
1.222	0.00162485
1.183	0.00239439
1.226	0.00181548
0.856	0.00223434
0.222	0.00369917
1.301	0.00149115
1.345	0.00216202
1.057	0.00195129
0.918	0.00171888
1.472	0.00187614
1.077	0.00159104
1.201	0.00247088
0.957	0.00135118
1.424	0.00197842
1.484	0.00171179
1.188	0.00169851
1.27	0.00267388
1.198	0.00137412
1.487	0.00200815
1.34	0.00178042
1.343	0.00306782
1.4	0.00198431
1.394	0.00203087
1.45	0.00186169
1.549	0.00141357
1.502	0.00185635
1.626	0.00141789
1.258	0.00199542
1.561	0.00215552
0.142	0.00191547
1.59	0.00159832
1.593	0.00224812
1.661	0.00179026
1.623	0.00174823
1.543	0.00174389
1.458	0.00139336
1.617	0.00183355
1.658	0.00152834
0.998	0.00251467
1.701	0.00180713
1.654	0.00157962
1.699	0.00195101
1.687	0.0017156
1.482	0.00187874
1.717	0.00182361
1.706	0.00177582
1.754	0.00162718
1.921	0.00128992
1.875	0.00131833
1.832	0.00166493
1.882	0.00191016
1.915	0.00142892
1.982	0.00134566
1.835	0.00136189
1.92	0.00163913
1.817	0.00158606
1.893	0.00182934
1.863	0.00145838
1.979	0.00154474
1.95	0.00133864
1.748	0.00148785
1.171	0.00166286
1.994	0.0014749
0.604	0.155605
1.81	0.0017124
0.292	0.00292214
1.497	0.00216965
1.874	0.00149895
1.794	0.00163989
