3000.1	3	1	6	0.1	0.05	0	0.1	0.05	0.401274	0.236881	0.207873	2.215	23.8862	24.4494	24.3367
3000.1	3	1	17	0.1	0.05	0	0.1	0.05	0.28549	0.12226	0.116029	1.45625	23.7587	24.3019	24.1932
3000.1	3	1	21	0.1	0.05	0	0.1	0.05	0.419565	0.0685735	0.103158	5.829	24.77	24.3834	24.4607
3000.1	3	1	8	0.1	0.05	0	0.1	0.05	0.415976	0.0614025	0.0981727	2.379	24.4937	24.3434	24.3735
3000.1	3	1	9	0.1	0.05	0	0.1	0.05	0.462387	0.0636729	0.107433	0.33175	24.2425	24.5128	24.4587
3000.1	3	1	20	0.1	0.05	0	0.1	0.05	0.351471	0.223758	0.193647	4.93625	24.5937	24.4519	24.4802
3000.1	3	1	11	0.1	0.05	0	0.1	0.05	0.330219	0.120798	0.119121	1.913	24.21	24.6466	24.5592
3000.1	3	1	13	0.1	0.05	0	0.1	0.05	0.319435	0.0777762	0.0928124	2.4485	24.3	24.4984	24.4587
3000.1	3	1	16	0.1	0.05	0	0.1	0.05	0.407519	0.189422	0.176915	3.4665	24.485	24.4625	24.467
3000.1	3	1	12	0.1	0.05	0	0.1	0.05	0.247731	0.0790675	0.0809805	1.71925	24.1175	24.2003	24.1837
3000.1	3	1	14	0.1	0.05	0	0.1	0.05	0.268695	0.184586	0.158882	0.586	24.1062	24.4981	24.4197
3000.1	3	1	15	0.1	0.05	0	0.1	0.05	0.499203	0.110599	0.135878	5.75625	24.8337	24.2978	24.405
3000.1	3	1	19	0.1	0.05	0	0.1	0.05	0.226685	0.0543481	0.0658892	0.263	24.065	24.2687	24.228
3000.1	3	1	5	0.1	0.05	0	0.1	0.05	0.532636	0.147185	0.161307	1.001	24.285	24.5134	24.4677
3000.1	3	1	2	0.1	0.05	0	0.1	0.05	0.181794	0.275706	0.223609	1.369	25.0862	24.1244	24.3167
3000.1	3	1	18	0.1	0.05	0	0.1	0.05	0.404862	0.259871	0.224453	0.46125	24.4737	24.6159	24.5875
3000.1	3	1	10	0.1	0.05	0	0.1	0.05	0.659721	0.104692	0.157704	6.895	24.4437	24.3216	24.346
3000.1	3	1	7	0.1	0.05	0	0.1	0.05	0.298905	0.184136	0.160606	0.2575	24.3137	24.3303	24.327
3000.1	3	1	24	0.1	0.05	0	0.1	0.05	0.291563	0.0564661	0.0751905	4.60775	24.7712	24.0459	24.191
3000.1	3	1	1	0.1	0.05	0	0.1	0.05	0.0962663	0.117599	0.0960882	3.13475	25.3137	24.5081	24.6692
3000.1	3	1	0	0.1	0.05	0	0.1	0.05	0.221663	0.112146	0.100101	0.7395	24.9537	24.4222	24.5285
3000.1	3	1	3	0.1	0.05	0	0.1	0.05	0.342568	0.201312	0.175512	1.76175	24.8062	24.4134	24.492
3000.1	3	1	4	0.1	0.05	0	0.1	0.05	0.325441	0.0926201	0.101099	1.09	24.3162	24.4244	24.4027
3000.1	3	1	22	0.1	0.05	0	0.1	0.05	0.574556	0.174369	0.181069	2.909	24.8725	24.2466	24.3717
3000.1	3	1	23	0.1	0.05	0	0.1	0.05	0.643296	0.175311	0.191797	9.72425	25.4225	24.2887	24.5155
4000.1	3	1	17	0.1	0.05	0	0.1	0.05	0.961417	0.144248	0.224272	0.683	24.0462	24.3131	24.2597
4000.1	3	1	6	0.1	0.05	0	0.1	0.05	0.954588	0.813354	0.678117	0.836	24.1987	24.6684	24.5745
4000.1	3	1	21	0.1	0.05	0	0.1	0.05	0.820933	0.203615	0.231331	7.45625	24.5587	24.7203	24.688
4000.1	3	1	8	0.1	0.05	0	0.1	0.05	0.902652	0.796619	0.662405	12.6585	24.1512	24.5637	24.4812
4000.1	3	1	20	0.1	0.05	0	0.1	0.05	0.701439	0.499481	0.423567	4.6025	24.1525	24.685	24.5785
4000.1	3	1	9	0.1	0.05	0	0.1	0.05	0.811054	0.639453	0.536667	9.07375	23.9625	24.5703	24.4487
4000.1	3	1	13	0.1	0.05	0	0.1	0.05	0.959717	0.683532	0.579557	3.6895	24.03	24.5162	24.419
4000.1	3	1	16	0.1	0.05	0	0.1	0.05	0.867461	0.699537	0.585913	2.50275	24.0862	24.5806	24.4817
4000.1	3	1	12	0.1	0.05	0	0.1	0.05	0.898453	0.278341	0.286208	6.33725	23.9787	24.2316	24.181
4000.1	3	1	14	0.1	0.05	0	0.1	0.05	0.967281	0.808419	0.675058	1.0635	24.1037	24.42	24.3567
4000.1	3	1	11	0.1	0.05	0	0.1	0.05	0.936005	0.658793	0.559333	4.77375	24.13	24.6175	24.52
4000.1	3	1	15	0.1	0.05	0	0.1	0.05	0.545123	0.609996	0.500278	9.9475	24.9625	24.3319	24.458
4000.1	3	1	2	0.1	0.05	0	0.1	0.05	0.658184	0.506503	0.426126	1.25325	25.0662	24.3916	24.5265
4000.1	3	1	19	0.1	0.05	0	0.1	0.05	0.925157	0.821607	0.682856	3.88775	24.055	24.3144	24.2625
4000.1	3	1	5	0.1	0.05	0	0.1	0.05	0.805435	0.154726	0.203185	5.776	24.5662	24.4556	24.4777
4000.1	3	1	10	0.1	0.05	0	0.1	0.05	0.96458	0.846755	0.704343	0.60225	24.0737	24.4569	24.3802
4000.1	3	1	18	0.1	0.05	0	0.1	0.05	0.911541	0.319294	0.31383	1.107	24.0262	24.7844	24.6327
4000.1	3	1	7	0.1	0.05	0	0.1	0.05	0.964447	0.399993	0.373637	3.19475	24.0937	24.3294	24.2822
4000.1	3	1	24	0.1	0.05	0	0.1	0.05	0.808517	0.515606	0.443217	2.303	24.8687	24.3594	24.4612
4000.1	3	1	22	0.1	0.05	0	0.1	0.05	0.507594	0.48833	0.404217	5.136	24.5937	24.3153	24.371
4000.1	3	1	1	0.1	0.05	0	0.1	0.05	0.251702	0.451014	0.364307	1.21275	24.8725	24.7681	24.789
4000.1	3	1	0	0.1	0.05	0	0.1	0.05	0.85401	0.672364	0.564398	4.69075	24.8262	24.6878	24.7155
4000.1	3	1	3	0.1	0.05	0	0.1	0.05	0.58515	0.628342	0.516169	7.49525	24.5537	24.5972	24.5885
4000.1	3	1	23	0.1	0.05	0	0.1	0.05	0.132751	0.395934	0.318324	3.67575	24.7575	24.5725	24.6095
4000.1	3	1	4	0.1	0.05	0	0.1	0.05	0.94425	0.657791	0.559138	2.67	23.9375	24.7775	24.6095
5000	3	1	17	0.1	0.05	0	0.1	0.05	0.951544	0.182042	0.239643	4.0595	24.1037	24.3134	24.2715
5000	3	1	6	0.1	0.05	0	0.1	0.05	0.928556	0.867986	0.7188	2.98975	24.2025	24.6409	24.5532
5000	3	1	8	0.1	0.05	0	0.1	0.05	0.895506	0.510582	0.446082	8.5585	23.9725	24.5494	24.434
5000	3	1	20	0.1	0.05	0	0.1	0.05	0.858195	0.539804	0.464808	8.5665	23.9725	24.7588	24.6015
5000	3	1	21	0.1	0.05	0	0.1	0.05	0.797025	0.412006	0.366174	1.641	24.3312	24.7631	24.6767
5000	3	1	9	0.1	0.05	0	0.1	0.05	0.950375	0.598547	0.515252	5.4235	24.125	24.5709	24.4817
5000	3	1	13	0.1	0.05	0	0.1	0.05	0.974483	0.869068	0.722063	7.1565	24.01	24.4116	24.3312
5000	3	1	14	0.1	0.05	0	0.1	0.05	0.911344	0.673844	0.569066	12.2832	23.9475	24.2806	24.214
5000	3	1	16	0.1	0.05	0	0.1	0.05	0.901938	0.723084	0.605955	2.72125	24.0437	24.61	24.4967
5000	3	1	12	0.1	0.05	0	0.1	0.05	0.870171	0.562422	0.482482	5.443	24.0075	24.2097	24.1692
5000	3	1	11	0.1	0.05	0	0.1	0.05	0.979573	0.570923	0.497005	4.26775	24.1662	24.6469	24.5507
5000	3	1	2	0.1	0.05	0	0.1	0.05	0.708408	0.101075	0.163213	5.59225	25.135	24.3291	24.4902
5000	3	1	5	0.1	0.05	0	0.1	0.05	0.704819	0.7253	0.597123	0.8095	25.1787	24.5422	24.6695
5000	3	1	19	0.1	0.05	0	0.1	0.05	0.972375	0.534817	0.470017	4.58125	24.0687	24.3131	24.2642
5000	3	1	15	0.1	0.05	0	0.1	0.05	0.686586	0.649421	0.537389	0.491	24.2637	24.3591	24.34
5000	3	1	18	0.1	0.05	0	0.1	0.05	0.964346	0.243001	0.273884	6.56725	23.9775	24.6431	24.51
5000	3	1	7	0.1	0.05	0	0.1	0.05	0.938144	0.242607	0.27001	9.05	23.8287	24.3144	24.2172
5000	3	1	10	0.1	0.05	0	0.1	0.05	0.957832	0.829016	0.690343	17.758	24.075	24.5481	24.4535
5000	3	1	22	0.1	0.05	0	0.1	0.05	0.70779	0.691665	0.571351	3.178	24.7662	24.2806	24.3777
5000	3	1	3	0.1	0.05	0	0.1	0.05	0.523164	0.638984	0.521803	8.991	24.8037	24.5934	24.6355
5000	3	1	1	0.1	0.05	0	0.1	0.05	0.507845	0.136101	0.149131	0.2605	24.8787	24.7753	24.796
5000	3	1	24	0.1	0.05	0	0.1	0.05	0.606337	0.331369	0.291645	4.03975	24.6812	24.3725	24.4342
5000	3	1	0	0.1	0.05	0	0.1	0.05	0.858129	0.744313	0.619741	4.9795	24.8262	24.7084	24.732
5000	3	1	23	0.1	0.05	0	0.1	0.05	0.462273	0.650514	0.528636	3.546	25.0237	24.5603	24.653
5000	3	1	4	0.1	0.05	0	0.1	0.05	0.95189	0.395559	0.36938	5.0115	24.2787	24.6194	24.5512
6000	3	1	17	0.1	0.05	0	0.1	0.05	0.827814	0.363964	0.335145	3.5725	24.0888	24.2828	24.244
6000	3	1	8	0.1	0.05	0	0.1	0.05	0.741075	0.510808	0.434756	1.011	23.9963	24.5809	24.464
6000	3	1	6	0.1	0.05	0	0.1	0.05	0.87028	0.868914	0.716603	5.46725	24.225	24.6338	24.552
6000	3	1	21	0.1	0.05	0	0.1	0.05	0.786452	0.724719	0.600749	0.8835	25.095	24.7119	24.7885
6000	3	1	20	0.1	0.05	0	0.1	0.05	0.53734	0.267935	0.240698	1.24175	24.1025	24.7619	24.63
6000	3	1	9	0.1	0.05	0	0.1	0.05	0.853576	0.0670686	0.179022	1.18225	23.8813	24.5259	24.397
6000	3	1	12	0.1	0.05	0	0.1	0.05	0.925285	0.311123	0.310187	2.69	24.0288	24.2178	24.18
6000	3	1	16	0.1	0.05	0	0.1	0.05	0.921364	0.647477	0.549816	3.96	24.0088	24.5616	24.451
6000	3	1	14	0.1	0.05	0	0.1	0.05	0.952691	0.830804	0.69144	5.03825	24.0138	24.335	24.2708
6000	3	1	13	0.1	0.05	0	0.1	0.05	0.983903	0.765125	0.642963	0.50775	24.0713	24.4513	24.3753
6000	3	1	5	0.1	0.05	0	0.1	0.05	0.804486	0.30008	0.289158	1.9735	24.31	24.45	24.422
6000	3	1	11	0.1	0.05	0	0.1	0.05	0.98204	0.362509	0.350287	2.8765	24.0675	24.5353	24.4418
6000	3	1	15	0.1	0.05	0	0.1	0.05	0.867839	0.417359	0.376427	6.38475	24.3125	24.3963	24.3795
6000	3	1	19	0.1	0.05	0	0.1	0.05	0.876846	0.729826	0.609765	2.8085	24.0438	24.2872	24.2385
6000	3	1	18	0.1	0.05	0	0.1	0.05	0.953196	0.234004	0.267273	2.925	23.985	24.7288	24.58
6000	3	1	2	0.1	0.05	0	0.1	0.05	0.893578	0.326344	0.316572	4.67275	24.6613	24.2559	24.337
6000	3	1	10	0.1	0.05	0	0.1	0.05	0.932217	0.835251	0.693726	4.69425	23.8563	24.4663	24.3443
6000	3	1	7	0.1	0.05	0	0.1	0.05	0.970894	0.266464	0.288403	4.1595	24.0113	24.2588	24.2093
6000	3	1	22	0.1	0.05	0	0.1	0.05	0.0875235	0.51615	0.413512	6.6635	24.9038	24.3081	24.4273
6000	3	1	3	0.1	0.05	0	0.1	0.05	0.457643	0.699587	0.567105	2.83425	24.67	24.5822	24.5998
6000	3	1	1	0.1	0.05	0	0.1	0.05	0.824123	0.363333	0.334253	6.16325	24.9013	24.7381	24.7708
6000	3	1	24	0.1	0.05	0	0.1	0.05	0.462868	0.593807	0.48436	6.356	24.6288	24.35	24.4058
6000	3	1	0	0.1	0.05	0	0.1	0.05	0.850832	0.733609	0.611129	5.52725	24.8313	24.7191	24.7415
6000	3	1	23	0.1	0.05	0	0.1	0.05	0.516941	0.605402	0.495663	2.3435	25.03	24.5422	24.6398
6000	3	1	4	0.1	0.05	0	0.1	0.05	0.951695	0.384528	0.36189	5.98525	24.1813	24.6228	24.5345
7000	3	1	8	0.1	0.05	0	0.1	0.05	0.940511	0.448349	0.405018	4.62025	24.1113	24.4884	24.413
7000	3	1	17	0.1	0.05	0	0.1	0.05	0.947292	0.0632072	0.196105	3.6235	24.0675	24.2591	24.2208
7000	3	1	20	0.1	0.05	0	0.1	0.05	0.845965	0.265131	0.271372	1.8605	24.0563	24.6156	24.5038
7000	3	1	21	0.1	0.05	0	0.1	0.05	0.430682	0.125826	0.132721	0.995	24.9	24.7222	24.7578
7000	3	1	9	0.1	0.05	0	0.1	0.05	0.816778	0.65832	0.551452	6.32225	24.065	24.5578	24.4593
7000	3	1	6	0.1	0.05	0	0.1	0.05	0.861327	0.809622	0.670226	11.1353	23.9613	24.6622	24.522
7000	3	1	12	0.1	0.05	0	0.1	0.05	0.931125	0.541105	0.471263	2.94675	24.0288	24.2834	24.2325
7000	3	1	16	0.1	0.05	0	0.1	0.05	0.870649	0.650677	0.548956	5.36425	23.8988	24.6316	24.485
7000	3	1	15	0.1	0.05	0	0.1	0.05	0.942089	0.635074	0.541875	11.625	24.2038	24.3644	24.3323
7000	3	1	13	0.1	0.05	0	0.1	0.05	0.905697	0.77802	0.648246	11.4455	23.7575	24.535	24.3795
7000	3	1	14	0.1	0.05	0	0.1	0.05	0.9685	0.798069	0.667204	1.713	24.1025	24.4253	24.3608
7000	3	1	11	0.1	0.05	0	0.1	0.05	0.96266	0.471751	0.423735	12.2768	24.0463	24.5191	24.4245
7000	3	1	19	0.1	0.05	0	0.1	0.05	0.944671	0.814986	0.67882	3.3955	24.0325	24.3409	24.2793
7000	3	1	5	0.1	0.05	0	0.1	0.05	0.912566	0.279153	0.288475	8.17125	24.2463	24.4528	24.4115
7000	3	1	10	0.1	0.05	0	0.1	0.05	0.940143	0.904033	0.747283	15.389	23.9938	24.3825	24.3048
7000	3	1	1	0.1	0.05	0	0.1	0.05	0.764477	0.653983	0.545075	0.67125	24.885	24.7622	24.7868
7000	3	1	2	0.1	0.05	0	0.1	0.05	0.741796	0.31579	0.293008	1.78475	25.1	24.3278	24.4823
7000	3	1	7	0.1	0.05	0	0.1	0.05	0.970911	0.531809	0.467701	1.91925	24.0438	24.3191	24.264
7000	3	1	18	0.1	0.05	0	0.1	0.05	0.918932	0.105196	0.202144	1.1615	23.9838	24.6344	24.5043
7000	3	1	22	0.1	0.05	0	0.1	0.05	0.173516	0.527966	0.42384	5.47	24.65	24.3003	24.3703
7000	3	1	3	0.1	0.05	0	0.1	0.05	0.787494	0.576216	0.487158	3.5025	25.2488	24.5694	24.7053
7000	3	1	24	0.1	0.05	0	0.1	0.05	0.661789	0.375392	0.328353	2.40975	24.7738	24.3756	24.4553
7000	3	1	0	0.1	0.05	0	0.1	0.05	0.849598	0.680103	0.570072	0.9255	24.8438	24.7178	24.743
7000	3	1	4	0.1	0.05	0	0.1	0.05	0.651459	0.580057	0.482135	4.91925	24.1338	24.7566	24.632
7000	3	1	23	0.1	0.05	0	0.1	0.05	0.254185	0.646571	0.519894	0.2945	24.7588	24.5325	24.5778
8000	3	1	17	0.1	0.05	0	0.1	0.05	0.923299	0.279371	0.290014	4.8775	24.135	24.3053	24.2713
8000	3	1	21	0.1	0.05	0	0.1	0.05	0.643941	0.514445	0.431496	1.7805	25.12	24.7288	24.807
8000	3	1	12	0.1	0.05	0	0.1	0.05	0.881493	0.67162	0.565531	4.45375	24.0225	24.2569	24.21
8000	3	1	8	0.1	0.05	0	0.1	0.05	0.949696	0.622715	0.533192	4.41875	24.0525	24.5959	24.4873
8000	3	1	20	0.1	0.05	0	0.1	0.05	0.897549	0.795284	0.661071	1.33175	24.2375	24.7203	24.6238
8000	3	1	6	0.1	0.05	0	0.1	0.05	0.849204	0.655084	0.550905	12.942	24.0163	24.6322	24.509
8000	3	1	9	0.1	0.05	0	0.1	0.05	0.803107	0.132878	0.192694	9.296	23.82	24.6134	24.4548
8000	3	1	15	0.1	0.05	0	0.1	0.05	0.827977	0.674761	0.564664	1.93875	24.805	24.3678	24.4553
8000	3	1	14	0.1	0.05	0	0.1	0.05	0.901383	0.711654	0.597199	11.0333	23.9738	24.2719	24.2123
8000	3	1	16	0.1	0.05	0	0.1	0.05	0.915101	0.61146	0.522301	9.2375	23.9438	24.6338	24.4958
8000	3	1	13	0.1	0.05	0	0.1	0.05	0.980148	0.640672	0.548765	3.06175	24.06	24.4213	24.349
8000	3	1	19	0.1	0.05	0	0.1	0.05	0.94463	0.61383	0.526167	10.261	23.8588	24.3681	24.2663
8000	3	1	5	0.1	0.05	0	0.1	0.05	0.946175	0.716743	0.603823	4.348	24.3463	24.5353	24.4975
8000	3	1	11	0.1	0.05	0	0.1	0.05	0.931077	0.598997	0.514143	5.71575	24.1088	24.5881	24.4923
8000	3	1	2	0.1	0.05	0	0.1	0.05	0.304124	0.371768	0.303647	7.19875	25.1163	24.3747	24.523
8000	3	1	1	0.1	0.05	0	0.1	0.05	0.350397	0.234532	0.200288	1.0625	24.9463	24.8159	24.842
8000	3	1	24	0.1	0.05	0	0.1	0.05	0.264626	0.495403	0.400106	0.5695	24.8038	24.3497	24.4405
8000	3	1	7	0.1	0.05	0	0.1	0.05	0.95459	0.349301	0.338441	7.085	24.0838	24.3563	24.3018
8000	3	1	10	0.1	0.05	0	0.1	0.05	0.958256	0.905331	0.749197	3.3565	24.0413	24.4097	24.336
8000	3	1	18	0.1	0.05	0	0.1	0.05	0.941368	0.439679	0.39902	4.92375	24.0125	24.7541	24.6058
8000	3	1	22	0.1	0.05	0	0.1	0.05	0.761444	0.542564	0.460068	3.63	24.6888	24.3366	24.407
8000	3	1	3	0.1	0.05	0	0.1	0.05	0.657335	0.553659	0.462092	5.629	25.1675	24.5878	24.7038
8000	3	1	0	0.1	0.05	0	0.1	0.05	0.835329	0.634851	0.534744	5.86975	24.8563	24.7241	24.7505
8000	3	1	4	0.1	0.05	0	0.1	0.05	0.964091	0.246934	0.276092	2.7665	24.28	24.7197	24.6318
8000	3	1	23	0.1	0.05	0	0.1	0.05	0.305545	0.630275	0.508131	5.939	25.2288	24.4184	24.5805
9000	3	1	17	0.1	0.05	0	0.1	0.05	0.825693	0.349253	0.324839	2.96	24.0713	24.2581	24.2208
9000	3	1	8	0.1	0.05	0	0.1	0.05	0.836162	0.712631	0.594182	2.41175	24.35	24.5791	24.5333
9000	3	1	21	0.1	0.05	0	0.1	0.05	0.967237	0.20368	0.252962	7.3175	24.43	24.7141	24.6573
9000	3	1	12	0.1	0.05	0	0.1	0.05	0.872962	0.408687	0.370684	2.59275	24.0338	24.2144	24.1783
9000	3	1	6	0.1	0.05	0	0.1	0.05	0.905068	0.70135	0.589594	1.58925	23.8825	24.7034	24.5393
9000	3	1	20	0.1	0.05	0	0.1	0.05	0.736918	0.517271	0.43938	9.7175	24.0563	24.7581	24.6178
9000	3	1	9	0.1	0.05	0	0.1	0.05	0.946329	0.337091	0.32957	2.42125	24.035	24.5369	24.4365
9000	3	1	15	0.1	0.05	0	0.1	0.05	0.50863	0.586767	0.480481	2.08125	24.5913	24.37	24.4143
9000	3	1	16	0.1	0.05	0	0.1	0.05	0.922697	0.666244	0.564057	6.2525	23.8713	24.5919	24.4478
9000	3	1	14	0.1	0.05	0	0.1	0.05	0.959735	0.819367	0.683038	3.53325	24.0413	24.3341	24.2755
9000	3	1	13	0.1	0.05	0	0.1	0.05	0.969763	0.481028	0.430997	1.7915	24.0288	24.5009	24.4065
9000	3	1	5	0.1	0.05	0	0.1	0.05	0.795107	0.377373	0.34128	1.93225	24.2125	24.5269	24.464
9000	3	1	11	0.1	0.05	0	0.1	0.05	0.972611	0.548967	0.480374	2.57325	24.0875	24.5916	24.4908
9000	3	1	2	0.1	0.05	0	0.1	0.05	0.91837	0.201644	0.244477	0.685	24.7238	24.375	24.4448
9000	3	1	19	0.1	0.05	0	0.1	0.05	0.918158	0.779069	0.649808	2.65875	24.0475	24.3003	24.2498
9000	3	1	24	0.1	0.05	0	0.1	0.05	0.529306	0.528552	0.436214	0.97325	24.7363	24.3916	24.4605
9000	3	1	1	0.1	0.05	0	0.1	0.05	0.735543	0.184896	0.208643	0.3435	24.9988	24.7591	24.807
9000	3	1	10	0.1	0.05	0	0.1	0.05	0.972413	0.853824	0.710214	0.5555	24.0663	24.4559	24.378
9000	3	1	22	0.1	0.05	0	0.1	0.05	0.155477	0.728385	0.583571	5.215	24.9463	24.3684	24.484
9000	3	1	3	0.1	0.05	0	0.1	0.05	0.430634	0.57222	0.465864	2.42425	24.6313	24.5488	24.5653
9000	3	1	7	0.1	0.05	0	0.1	0.05	0.945138	0.470256	0.421069	0.864	24.0188	24.4294	24.3473
9000	3	1	18	0.1	0.05	0	0.1	0.05	0.963955	0.394785	0.370087	0.81275	24.06	24.7238	24.591
9000	3	1	4	0.1	0.05	0	0.1	0.05	0.864207	0.772176	0.641497	4.4625	24.4088	24.6538	24.6048
9000	3	1	0	0.1	0.05	0	0.1	0.05	0.817455	0.595066	0.503429	2.15475	24.8613	24.7309	24.757
9000	3	1	23	0.1	0.05	0	0.1	0.05	0.591535	0.543654	0.450911	3.2105	24.9275	24.5256	24.606
10000	3	1	8	0.1	0.05	0	0.1	0.05	0.906322	0.303267	0.303005	7.049	23.9613	24.4678	24.3665
10000	3	1	17	0.1	0.05	0	0.1	0.05	0.928393	0.0477593	0.189602	3.46525	24.06	24.2944	24.2475
10000	3	1	21	0.1	0.05	0	0.1	0.05	0.767225	0.2077	0.226381	5.1355	24.875	24.6591	24.7023
10000	3	1	9	0.1	0.05	0	0.1	0.05	0.946526	0.616229	0.528096	3.72	24.0838	24.6694	24.5523
10000	3	1	20	0.1	0.05	0	0.1	0.05	0.486622	0.244628	0.218761	0.52375	24.5325	24.6559	24.6313
10000	3	1	6	0.1	0.05	0	0.1	0.05	0.955784	0.7857	0.656987	0.77775	24.1375	24.6947	24.5833
10000	3	1	12	0.1	0.05	0	0.1	0.05	0.915235	0.416011	0.379893	3.33175	23.985	24.2547	24.2008
10000	3	1	15	0.1	0.05	0	0.1	0.05	0.866988	0.705993	0.590909	0.899	24.1713	24.4228	24.3725
10000	3	1	14	0.1	0.05	0	0.1	0.05	0.971523	0.759534	0.637956	3.9035	24.0638	24.4553	24.377
10000	3	1	16	0.1	0.05	0	0.1	0.05	0.886702	0.647348	0.547437	6.41225	23.8163	24.6106	24.4518
10000	3	1	11	0.1	0.05	0	0.1	0.05	0.971289	0.25254	0.280342	9.7965	24.0875	24.5838	24.4845
10000	3	1	5	0.1	0.05	0	0.1	0.05	0.940368	0.351367	0.338268	5.12075	24.2825	24.5038	24.4595
10000	3	1	24	0.1	0.05	0	0.1	0.05	0.453468	0.579286	0.472302	2.655	24.6488	24.3763	24.4308
10000	3	1	2	0.1	0.05	0	0.1	0.05	0.923149	0.578541	0.498324	9.28175	25.1988	24.2863	24.4688
10000	3	1	19	0.1	0.05	0	0.1	0.05	0.961978	0.645587	0.551166	5.77925	24.0113	24.3194	24.2578
10000	3	1	13	0.1	0.05	0	0.1	0.05	0.96641	0.583683	0.505375	10.689	23.9438	24.3913	24.3018
10000	3	1	10	0.1	0.05	0	0.1	0.05	0.962443	0.837141	0.696846	4.38325	24.105	24.5447	24.4568
10000	3	1	22	0.1	0.05	0	0.1	0.05	0.329202	0.540847	0.437665	1.8165	25.0225	24.3319	24.47
10000	3	1	1	0.1	0.05	0	0.1	0.05	0.78137	0.186988	0.216415	2.8825	24.8113	24.73	24.7463
10000	3	1	3	0.1	0.05	0	0.1	0.05	0.433625	0.762921	0.616472	2.39525	24.79	24.5803	24.6223
10000	3	1	7	0.1	0.05	0	0.1	0.05	0.94903	0.342436	0.333299	8.158	23.8563	24.2925	24.2053
10000	3	1	4	0.1	0.05	0	0.1	0.05	0.555697	0.375362	0.320279	1.97225	24.4763	24.6341	24.6025
10000	3	1	18	0.1	0.05	0	0.1	0.05	0.919493	0.22173	0.255659	1.65825	24.015	24.6656	24.5355
10000	3	1	0	0.1	0.05	0	0.1	0.05	0.810065	0.556791	0.474077	9.94225	24.87	24.7397	24.7658
10000	3	1	23	0.1	0.05	0	0.1	0.05	0.915678	0.700024	0.589307	6.17375	25.0388	24.5922	24.6815
11000	3	1	8	0.1	0.05	0	0.1	0.05	0.936484	0.563262	0.488001	6.12425	24.0938	24.6019	24.5003
11000	3	1	17	0.1	0.05	0	0.1	0.05	0.937005	0.392804	0.365914	6.0535	24.07	24.3366	24.2833
11000	3	1	6	0.1	0.05	0	0.1	0.05	0.943308	0.860576	0.713849	3.0505	24.2013	24.6538	24.5633
11000	3	1	21	0.1	0.05	0	0.1	0.05	0.978942	0.248336	0.278954	0.55	24.35	24.7344	24.6575
11000	3	1	9	0.1	0.05	0	0.1	0.05	0.875988	0.603322	0.513505	10.961	23.8563	24.5688	24.4263
11000	3	1	20	0.1	0.05	0	0.1	0.05	0.771247	0.28367	0.274456	3.0805	24.25	24.6547	24.5738
11000	3	1	12	0.1	0.05	0	0.1	0.05	0.898817	0.4588	0.408772	4.105	24.0088	24.2263	24.1828
11000	3	1	14	0.1	0.05	0	0.1	0.05	0.901115	0.755436	0.630665	8.7705	23.9325	24.3097	24.2343
11000	3	1	15	0.1	0.05	0	0.1	0.05	0.314866	0.658705	0.530728	0.55175	24.8113	24.4094	24.4898
11000	3	1	16	0.1	0.05	0	0.1	0.05	0.911755	0.635306	0.539992	10.898	23.8113	24.5263	24.3833
11000	3	1	24	0.1	0.05	0	0.1	0.05	0.246003	0.482921	0.389582	0.58625	24.7913	24.3188	24.4133
11000	3	1	5	0.1	0.05	0	0.1	0.05	0.920633	0.651434	0.552723	5.52775	24.3	24.5106	24.4685
11000	3	1	2	0.1	0.05	0	0.1	0.05	0.241494	0.244161	0.201252	0.9015	24.9913	24.2706	24.4148
11000	3	1	11	0.1	0.05	0	0.1	0.05	0.949287	0.301949	0.307281	4.96125	24.1075	24.5059	24.4263
11000	3	1	19	0.1	0.05	0	0.1	0.05	0.876196	0.665364	0.560449	7.84725	24.0138	24.2828	24.229
11000	3	1	13	0.1	0.05	0	0.1	0.05	0.977499	0.50763	0.450726	3.37675	24.0738	24.4263	24.3558
11000	3	1	1	0.1	0.05	0	0.1	0.05	0.298945	0.0650734	0.0793711	1.396	24.9113	24.7019	24.7438
11000	3	1	3	0.1	0.05	0	0.1	0.05	0.308696	0.71473	0.575111	2.7785	24.9913	24.5766	24.6595
11000	3	1	10	0.1	0.05	0	0.1	0.05	0.907957	0.834956	0.692214	12.173	23.8475	24.4703	24.3458
11000	3	1	22	0.1	0.05	0	0.1	0.05	0.683119	0.772986	0.63355	2.84025	25.0725	24.2903	24.4468
11000	3	1	4	0.1	0.05	0	0.1	0.05	0.887154	0.684495	0.575642	1.79925	24.19	24.7563	24.643
11000	3	1	7	0.1	0.05	0	0.1	0.05	0.967011	0.198058	0.250033	9.1585	24.025	24.2691	24.2203
11000	3	1	18	0.1	0.05	0	0.1	0.05	0.94936	0.272694	0.289262	4.80375	23.9838	24.7928	24.631
11000	3	1	0	0.1	0.05	0	0.1	0.05	0.786948	0.527988	0.450832	1.21675	24.88	24.7506	24.7765
11000	3	1	23	0.1	0.05	0	0.1	0.05	0.242112	0.638514	0.513742	3.65375	24.8913	24.5153	24.5905
12000	3	1	8	0.1	0.05	0	0.1	0.05	0.931898	0.759015	0.635235	3.58925	24.1513	24.5594	24.4778
12000	3	1	17	0.1	0.05	0	0.1	0.05	0.850042	0.265094	0.271938	3.29075	24.0675	24.2563	24.2185
12000	3	1	21	0.1	0.05	0	0.1	0.05	0.58517	0.679355	0.555966	1.937	25.0625	24.6956	24.769
12000	3	1	14	0.1	0.05	0	0.1	0.05	0.970578	0.710198	0.60041	0.32175	24.07	24.3206	24.2705
12000	3	1	20	0.1	0.05	0	0.1	0.05	0.391562	0.523679	0.426657	5.55925	24.365	24.7241	24.6523
12000	3	1	9	0.1	0.05	0	0.1	0.05	0.946815	0.224685	0.261141	1.43725	24.0288	24.5222	24.4235
12000	3	1	6	0.1	0.05	0	0.1	0.05	0.914224	0.879864	0.727264	4.39775	24.2163	24.6303	24.5475
12000	3	1	15	0.1	0.05	0	0.1	0.05	0.973231	0.8417	0.700943	2.11625	24.3625	24.3484	24.3513
12000	3	1	12	0.1	0.05	0	0.1	0.05	0.813297	0.645889	0.541819	1.684	24.0538	24.2122	24.1805
12000	3	1	16	0.1	0.05	0	0.1	0.05	0.902576	0.671143	0.566486	6.87975	23.8188	24.5131	24.3743
12000	3	1	24	0.1	0.05	0	0.1	0.05	0.405485	0.43095	0.354461	0.79025	24.6563	24.4	24.4513
12000	3	1	5	0.1	0.05	0	0.1	0.05	0.846131	0.487007	0.4248	1.51075	24.5	24.4425	24.454
12000	3	1	1	0.1	0.05	0	0.1	0.05	0.774131	0.540154	0.459025	2.9405	24.9975	24.8381	24.87
12000	3	1	19	0.1	0.05	0	0.1	0.05	0.94599	0.812455	0.676953	1.63925	24.0538	24.3191	24.266
12000	3	1	2	0.1	0.05	0	0.1	0.05	0.668899	0.392596	0.341382	8.6345	24.8175	24.3709	24.4603
12000	3	1	3	0.1	0.05	0	0.1	0.05	0.457144	0.638018	0.51855	4.45525	24.6938	24.6328	24.645
12000	3	1	13	0.1	0.05	0	0.1	0.05	0.958458	0.541787	0.473929	4.45525	23.775	24.4288	24.298
12000	3	1	11	0.1	0.05	0	0.1	0.05	0.977479	0.436857	0.400522	2.2345	24.09	24.6013	24.499
12000	3	1	10	0.1	0.05	0	0.1	0.05	0.957216	0.893469	0.739981	7.57475	23.995	24.3819	24.3045
12000	3	1	18	0.1	0.05	0	0.1	0.05	0.955381	0.0725377	0.19977	1.75925	23.9713	24.6375	24.5043
12000	3	1	4	0.1	0.05	0	0.1	0.05	0.938558	0.482171	0.429017	1.792	24.2838	24.6219	24.5543
12000	3	1	22	0.1	0.05	0	0.1	0.05	0.62814	0.535872	0.447297	4.8505	24.4338	24.2928	24.321
12000	3	1	7	0.1	0.05	0	0.1	0.05	0.969628	0.528329	0.46503	1.277	24.06	24.3466	24.2893
12000	3	1	0	0.1	0.05	0	0.1	0.05	0.772096	0.494305	0.424594	5.23675	24.8863	24.7663	24.7903
12000	3	1	23	0.1	0.05	0	0.1	0.05	0.457331	0.413263	0.343183	7.185	24.965	24.5247	24.6128
13000	3	1	8	0.1	0.05	0	0.1	0.05	0.578505	0.555713	0.45938	0	0	0	0
13000	3	1	17	0.1	0.05	0	0.1	0.05	0.971517	0.397126	0.372408	0	0	0	0
13000	3	1	21	0.1	0.05	0	0.1	0.05	0.40939	0.371711	0.308435	0	0	0	0
13000	3	1	14	0.1	0.05	0	0.1	0.05	0.922873	0.74077	0.620695	0	0	0	0
13000	3	1	9	0.1	0.05	0	0.1	0.05	0.906592	0.745859	0.623628	0	0	0	0
13000	3	1	6	0.1	0.05	0	0.1	0.05	0.83144	0.699533	0.583809	0	0	0	0
13000	3	1	24	0.1	0.05	0	0.1	0.05	0.702496	0.520737	0.439644	0	0	0	0
13000	3	1	20	0.1	0.05	0	0.1	0.05	0.959362	0.246524	0.275155	0	0	0	0
13000	3	1	12	0.1	0.05	0	0.1	0.05	0.928895	0.440205	0.398163	0	0	0	0
13000	3	1	5	0.1	0.05	0	0.1	0.05	0.906644	0.499095	0.438522	65	0	-81.25	-65
13000	3	1	16	0.1	0.05	0	0.1	0.05	0.908189	0.701704	0.590017	0	0	0	0
13000	3	1	15	0.1	0.05	0	0.1	0.05	0.975136	0.574157	0.499015	0	0	0	0
13000	3	1	3	0.1	0.05	0	0.1	0.05	0.606031	0.654755	0.537644	0	0	0	0
13000	3	1	19	0.1	0.05	0	0.1	0.05	0.927719	0.710033	0.597562	0	0	0	0
13000	3	1	10	0.1	0.05	0	0.1	0.05	0.962929	0.828303	0.690061	0	0	0	0
13000	3	1	11	0.1	0.05	0	0.1	0.05	0.973945	0.290528	0.303254	0	0	0	0
13000	3	1	2	0.1	0.05	0	0.1	0.05	0.951473	0.65147	0.55483	0	0	0	0
13000	3	1	1	0.1	0.05	0	0.1	0.05	0.866566	0.50946	0.442888	0	0	0	0
13000	3	1	4	0.1	0.05	0	0.1	0.05	0.955706	0.596279	0.513893	0	0	0	0
13000	3	1	13	0.1	0.05	0	0.1	0.05	0.957357	0.560983	0.487925	0	0	0	0
13000	3	1	22	0.1	0.05	0	0.1	0.05	0.706039	0.496644	0.421662	0	0	0	0
13000	3	1	7	0.1	0.05	0	0.1	0.05	0.955339	0.269885	0.288311	0	0	0	0
13000	3	1	18	0.1	0.05	0	0.1	0.05	0.963705	0.248971	0.277165	0	0	0	0
13000	3	1	0	0.1	0.05	0	0.1	0.05	0.699863	0.487946	0.414693	0	0	0	0
13000	3	1	23	0.1	0.05	0	0.1	0.05	0.590008	0.581665	0.480061	0	0	0	0
14000	3	1	8	0.1	0.05	0	0.1	0.05	0.576196	0.545241	0.451172	11.3098	24.045	24.5972	24.4868
14000	3	1	17	0.1	0.05	0	0.1	0.05	0.957582	0.420385	0.387061	6.6165	24.1388	24.3356	24.2963
14000	3	1	21	0.1	0.05	0	0.1	0.05	0.515057	0.365906	0.310758	0.5545	25.14	24.7569	24.8335
14000	3	1	9	0.1	0.05	0	0.1	0.05	0.917554	0.733044	0.614547	7.8025	24.075	24.5713	24.472
14000	3	1	14	0.1	0.05	0	0.1	0.05	0.904841	0.773186	0.644495	9.80425	23.95	24.3338	24.257
14000	3	1	6	0.1	0.05	0	0.1	0.05	0.849103	0.719016	0.599758	11.6568	24.0063	24.6188	24.4963
14000	3	1	12	0.1	0.05	0	0.1	0.05	0.915827	0.461043	0.411855	1.8265	24.0125	24.215	24.1745
14000	3	1	24	0.1	0.05	0	0.1	0.05	0.589788	0.545347	0.452149	1.2915	24.7075	24.3719	24.439
14000	3	1	20	0.1	0.05	0	0.1	0.05	0.943993	0.262115	0.282206	4.839	24.0638	24.6903	24.565
14000	3	1	15	0.1	0.05	0	0.1	0.05	0.962661	0.555586	0.484388	11.0965	24.1775	24.3797	24.3393
14000	3	1	5	0.1	0.05	0	0.1	0.05	0.925233	0.504304	0.443891	9.15375	24.1863	24.4978	24.4355
14000	3	1	16	0.1	0.05	0	0.1	0.05	0.866922	0.722863	0.603772	8.74	24.0363	24.4822	24.393
14000	3	1	19	0.1	0.05	0	0.1	0.05	0.91261	0.742211	0.621219	5.66575	24.0488	24.2881	24.2403
14000	3	1	3	0.1	0.05	0	0.1	0.05	0.615505	0.691667	0.566865	2.04675	24.6375	24.57	24.5835
14000	3	1	10	0.1	0.05	0	0.1	0.05	0.96529	0.865055	0.718476	2.748	24.0725	24.4547	24.3783
14000	3	1	2	0.1	0.05	0	0.1	0.05	0.944196	0.634625	0.541694	1.19925	25.0888	24.3647	24.5095
14000	3	1	1	0.1	0.05	0	0.1	0.05	0.859956	0.500073	0.435509	1.176	24.7013	24.8347	24.808
14000	3	1	11	0.1	0.05	0	0.1	0.05	0.972288	0.302984	0.310763	9.79125	24.0238	24.6163	24.4978
14000	3	1	4	0.1	0.05	0	0.1	0.05	0.957571	0.568828	0.49375	3.29775	24.1313	24.7338	24.6133
14000	3	1	13	0.1	0.05	0	0.1	0.05	0.960473	0.588005	0.508143	10.0738	24.0563	24.4675	24.3853
14000	3	1	22	0.1	0.05	0	0.1	0.05	0.626498	0.471772	0.397713	2.902	24.61	24.3063	24.367
14000	3	1	18	0.1	0.05	0	0.1	0.05	0.947857	0.250232	0.275714	7.48525	23.8425	24.6931	24.523
14000	3	1	7	0.1	0.05	0	0.1	0.05	0.96005	0.274589	0.291784	9.6985	23.9663	24.2631	24.2038
14000	3	1	0	0.1	0.05	0	0.1	0.05	0.740618	0.461762	0.398083	9.98375	24.7963	24.8391	24.8305
14000	3	1	23	0.1	0.05	0	0.1	0.05	0.418131	0.578763	0.47101	6.84725	25.5663	24.4175	24.6473
15000	3	1	17	0.1	0.05	0	0.1	0.05	0.865569	0.162325	0.216505	2.47475	24.0363	24.2394	24.1988
15000	3	1	8	0.1	0.05	0	0.1	0.05	0.951876	0.3652	0.348723	0.4635	24.0975	24.4747	24.3993
15000	3	1	9	0.1	0.05	0	0.1	0.05	0.852381	0.188239	0.227506	1.01475	23.8438	24.5516	24.41
15000	3	1	21	0.1	0.05	0	0.1	0.05	0.959195	0.210813	0.255473	6.9395	24.465	24.6866	24.6423
15000	3	1	6	0.1	0.05	0	0.1	0.05	0.882997	0.672903	0.566578	2.1325	23.9188	24.6831	24.5303
15000	3	1	14	0.1	0.05	0	0.1	0.05	0.965282	0.841831	0.700604	2.751	24.0638	24.3588	24.2998
15000	3	1	24	0.1	0.05	0	0.1	0.05	0.627857	0.5459	0.454695	1.979	24.6388	24.2844	24.3553
15000	3	1	12	0.1	0.05	0	0.1	0.05	0.922497	0.773805	0.645992	2.57725	24.0388	24.2469	24.2053
15000	3	1	5	0.1	0.05	0	0.1	0.05	0.931484	0.538293	0.469291	5.81	24.4663	24.4784	24.476
15000	3	1	16	0.1	0.05	0	0.1	0.05	0.857901	0.69589	0.582678	2.816	24.055	24.4872	24.4008
15000	3	1	20	0.1	0.05	0	0.1	0.05	0.420547	0.224856	0.198792	2.2135	24.6838	24.7634	24.7475
15000	3	1	15	0.1	0.05	0	0.1	0.05	0.859079	0.607069	0.515283	1.3645	24.9063	24.3544	24.4648
15000	3	1	19	0.1	0.05	0	0.1	0.05	0.961421	0.816003	0.680539	0.8745	24.0288	24.3422	24.2795
15000	3	1	2	0.1	0.05	0	0.1	0.05	0.349296	0.121455	0.119694	3.668	25.03	24.2694	24.4215
15000	3	1	1	0.1	0.05	0	0.1	0.05	0.522604	0.365238	0.310333	0.773	24.9375	24.7816	24.8128
15000	3	1	3	0.1	0.05	0	0.1	0.05	0.167817	0.793882	0.636007	3.0735	24.9563	24.5822	24.657
15000	3	1	10	0.1	0.05	0	0.1	0.05	0.970833	0.82764	0.690023	3.972	24.1075	24.5403	24.4538
15000	3	1	11	0.1	0.05	0	0.1	0.05	0.973956	0.557329	0.486585	1.5645	23.8763	24.5763	24.4363
15000	3	1	4	0.1	0.05	0	0.1	0.05	0.966276	0.211373	0.256868	3.49625	24.2525	24.6684	24.5853
15000	3	1	13	0.1	0.05	0	0.1	0.05	0.98042	0.67502	0.574533	2.94675	23.97	24.3588	24.281
15000	3	1	7	0.1	0.05	0	0.1	0.05	0.971919	0.485536	0.434356	2.21625	24.0613	24.3016	24.2535
15000	3	1	22	0.1	0.05	0	0.1	0.05	0.592711	0.508876	0.424067	0.96375	25.055	24.3488	24.49
15000	3	1	18	0.1	0.05	0	0.1	0.05	0.946373	0.148594	0.223561	4.28725	23.985	24.6628	24.5273
15000	3	1	0	0.1	0.05	0	0.1	0.05	0.719335	0.482762	0.412206	5.358	24.7138	24.8453	24.819
15000	3	1	23	0.1	0.05	0	0.1	0.05	0.940148	0.641743	0.546765	2.71525	25.3013	24.5234	24.679
16000	3	1	8	0.1	0.05	0	0.1	0.05	0.950413	0.636129	0.543303	4.00075	24.0475	24.6294	24.513
16000	3	1	17	0.1	0.05	0	0.1	0.05	0.64434	0.344613	0.304353	1.85275	24.325	24.3653	24.3573
16000	3	1	21	0.1	0.05	0	0.1	0.05	0.632192	0.146838	0.172923	4.618	25.0938	24.6928	24.773
16000	3	1	9	0.1	0.05	0	0.1	0.05	0.924818	0.737588	0.618415	11.2393	24.0988	24.5597	24.4675
16000	3	1	6	0.1	0.05	0	0.1	0.05	0.922067	0.752642	0.62973	2.228	24.0175	24.705	24.5675
16000	3	1	14	0.1	0.05	0	0.1	0.05	0.958666	0.754044	0.632993	4.353	23.9938	24.4966	24.396
16000	3	1	24	0.1	0.05	0	0.1	0.05	0.635035	0.360903	0.315544	2.611	24.725	24.3966	24.4623
16000	3	1	12	0.1	0.05	0	0.1	0.05	0.706248	0.66403	0.549754	5.9765	24.0788	24.2069	24.1813
16000	3	1	5	0.1	0.05	0	0.1	0.05	0.853299	0.569359	0.486422	0.4865	24.39	24.4697	24.4538
16000	3	1	20	0.1	0.05	0	0.1	0.05	0.903533	0.113208	0.20228	4.497	24.1388	24.6331	24.5343
16000	3	1	16	0.1	0.05	0	0.1	0.05	0.767809	0.690656	0.573519	0.76675	23.9813	24.5263	24.4173
16000	3	1	15	0.1	0.05	0	0.1	0.05	0.426421	0.671887	0.544363	6.87125	24.5225	24.3556	24.389
16000	3	1	19	0.1	0.05	0	0.1	0.05	0.86516	0.623144	0.527723	3.2545	23.8088	24.3513	24.2428
16000	3	1	2	0.1	0.05	0	0.1	0.05	0.793773	0.399403	0.356806	1.85775	24.7713	24.3725	24.4523
16000	3	1	10	0.1	0.05	0	0.1	0.05	0.898058	0.828121	0.686418	11.2308	23.825	24.4847	24.3528
16000	3	1	1	0.1	0.05	0	0.1	0.05	0.390193	0.346459	0.287981	2.1915	24.9125	24.79	24.8145
16000	3	1	3	0.1	0.05	0	0.1	0.05	0.565429	0.610618	0.501472	6.32475	24.52	24.6053	24.5883
16000	3	1	11	0.1	0.05	0	0.1	0.05	0.925718	0.204975	0.247353	7.87275	24.015	24.6547	24.5268
16000	3	1	4	0.1	0.05	0	0.1	0.05	0.730461	0.781277	0.641917	10.0395	24.49	24.6803	24.6423
16000	3	1	22	0.1	0.05	0	0.1	0.05	0.281896	0.519569	0.41983	0.42175	24.62	24.3172	24.3778
16000	3	1	7	0.1	0.05	0	0.1	0.05	0.95197	0.437543	0.398489	3.0235	24.0788	24.3447	24.2915
16000	3	1	13	0.1	0.05	0	0.1	0.05	0.97776	0.705301	0.597211	3.685	24.095	24.4159	24.3518
16000	3	1	18	0.1	0.05	0	0.1	0.05	0.942825	0.355832	0.341525	0.89275	24.0575	24.7075	24.5775
16000	3	1	0	0.1	0.05	0	0.1	0.05	0.804198	0.479383	0.415936	3.07625	24.8225	24.8213	24.8215
16000	3	1	23	0.1	0.05	0	0.1	0.05	0.804825	0.687893	0.573519	4.69925	25.0875	24.5725	24.6755
17000	3	1	8	0.1	0.05	0	0.1	0.05	0.857837	0.762535	0.633733	6.72525	24.1963	24.5775	24.5013
17000	3	1	17	0.1	0.05	0	0.1	0.05	0.968578	0.143169	0.225047	3.57925	24.08	24.2631	24.2265
17000	3	1	21	0.1	0.05	0	0.1	0.05	0.967181	0.353995	0.342997	0.27575	24.4888	24.6788	24.6408
17000	3	1	9	0.1	0.05	0	0.1	0.05	0.912753	0.438062	0.395194	7.86175	24.0138	24.5275	24.4248
17000	3	1	6	0.1	0.05	0	0.1	0.05	0.952942	0.837717	0.696751	4.30225	24.1963	24.6691	24.5745
17000	3	1	14	0.1	0.05	0	0.1	0.05	0.901923	0.787978	0.655698	9.16575	23.9313	24.3366	24.2555
17000	3	1	12	0.1	0.05	0	0.1	0.05	0.906516	0.378634	0.353028	11.0388	23.9913	24.1669	24.1318
17000	3	1	16	0.1	0.05	0	0.1	0.05	0.848986	0.654346	0.550356	6.28375	23.9625	24.5231	24.411
17000	3	1	5	0.1	0.05	0	0.1	0.05	0.716875	0.305953	0.283667	7.958	24.1925	24.4125	24.3685
17000	3	1	24	0.1	0.05	0	0.1	0.05	0.569592	0.509556	0.423775	5.79475	24.6	24.2747	24.3398
17000	3	1	20	0.1	0.05	0	0.1	0.05	0.786505	0.602106	0.506826	0.605	24.2163	24.6844	24.5908
17000	3	1	19	0.1	0.05	0	0.1	0.05	0.936177	0.793782	0.662064	3.52925	24.0588	24.3031	24.2543
17000	3	1	15	0.1	0.05	0	0.1	0.05	0.903632	0.468146	0.415948	1.4885	24.1913	24.4	24.3583
17000	3	1	1	0.1	0.05	0	0.1	0.05	0.819368	0.653646	0.548019	0.253	24.7688	24.8447	24.8295
17000	3	1	10	0.1	0.05	0	0.1	0.05	0.943577	0.894926	0.740404	7.66325	23.9938	24.3825	24.3048
17000	3	1	2	0.1	0.05	0	0.1	0.05	0.281515	0.179032	0.153958	5.335	24.7725	24.3672	24.4483
17000	3	1	3	0.1	0.05	0	0.1	0.05	0.418483	0.638535	0.517651	4.251	24.8163	24.5794	24.6268
17000	3	1	11	0.1	0.05	0	0.1	0.05	0.963784	0.403442	0.375999	8.82475	24.0463	24.6728	24.5475
17000	3	1	4	0.1	0.05	0	0.1	0.05	0.455704	0.330715	0.279932	3.08075	24.1488	24.7063	24.5948
17000	3	1	13	0.1	0.05	0	0.1	0.05	0.955207	0.589923	0.509147	10.6063	23.7725	24.4491	24.3138
17000	3	1	18	0.1	0.05	0	0.1	0.05	0.947898	0.144004	0.221855	3.9805	24.0263	24.6675	24.5393
17000	3	1	22	0.1	0.05	0	0.1	0.05	0.892561	0.797025	0.662159	4.5975	24.8075	24.375	24.4615
17000	3	1	7	0.1	0.05	0	0.1	0.05	0.922087	0.456821	0.409427	9.1065	23.88	24.4063	24.301
17000	3	1	0	0.1	0.05	0	0.1	0.05	0.824578	0.492708	0.427329	0.90325	24.85	24.7897	24.8018
17000	3	1	23	0.1	0.05	0	0.1	0.05	0.23667	0.596051	0.479753	2.40775	24.78	24.5134	24.5668
18000	3	1	8	0.1	0.05	0	0.1	0.05	0.913157	0.355036	0.337705	1.00875	23.905	24.4762	24.362
18000	3	1	17	0.1	0.05	0	0.1	0.05	0.914278	0.116185	0.205166	4.157	24.0912	24.3462	24.2952
18000	3	1	6	0.1	0.05	0	0.1	0.05	0.936867	0.878901	0.727665	3.266	24.205	24.6378	24.5512
18000	3	1	21	0.1	0.05	0	0.1	0.05	0.342139	0.592308	0.478822	4.1415	25.01	24.7228	24.7802
18000	3	1	9	0.1	0.05	0	0.1	0.05	0.906664	0.314834	0.310399	0.80975	24.0162	24.5316	24.4285
18000	3	1	24	0.1	0.05	0	0.1	0.05	0.457906	0.370851	0.311408	5.44825	24.6787	24.3966	24.453
18000	3	1	12	0.1	0.05	0	0.1	0.05	0.93008	0.739274	0.620007	1.65175	24.0425	24.2481	24.207
18000	3	1	14	0.1	0.05	0	0.1	0.05	0.967578	0.824408	0.687339	1.8895	24.0662	24.3575	24.2992
18000	3	1	5	0.1	0.05	0	0.1	0.05	0.8851	0.813227	0.674246	1.31225	25.0237	24.5094	24.6122
18000	3	1	16	0.1	0.05	0	0.1	0.05	0.868914	0.686852	0.576413	2.6115	23.9725	24.5353	24.4227
18000	3	1	20	0.1	0.05	0	0.1	0.05	0.782439	0.49758	0.427867	8.7105	24.1037	24.7256	24.6012
18000	3	1	15	0.1	0.05	0	0.1	0.05	0.920634	0.552079	0.478517	4.39425	24.3487	24.4109	24.3985
18000	3	1	19	0.1	0.05	0	0.1	0.05	0.973995	0.631655	0.541612	3.681	24.0137	24.3022	24.2445
18000	3	1	1	0.1	0.05	0	0.1	0.05	0.556655	0.170029	0.175833	1.18625	24.8225	24.7856	24.793
18000	3	1	3	0.1	0.05	0	0.1	0.05	0.433027	0.721235	0.583453	1.7665	24.6912	24.585	24.6062
18000	3	1	10	0.1	0.05	0	0.1	0.05	0.96674	0.912744	0.755368	3.9075	24.03	24.4031	24.3285
18000	3	1	2	0.1	0.05	0	0.1	0.05	0.944127	0.655155	0.55711	2.4495	25.1037	24.3672	24.5145
18000	3	1	11	0.1	0.05	0	0.1	0.05	0.960725	0.275271	0.292291	0.60775	24.0462	24.4912	24.4022
18000	3	1	4	0.1	0.05	0	0.1	0.05	0.958777	0.775226	0.64916	2.92375	24.43	24.6872	24.6357
18000	3	1	22	0.1	0.05	0	0.1	0.05	0.329505	0.542914	0.439864	1.5085	24.7475	24.3109	24.3982
18000	3	1	13	0.1	0.05	0	0.1	0.05	0.987696	0.75556	0.635931	3.99	24.085	24.3891	24.3282
18000	3	1	18	0.1	0.05	0	0.1	0.05	0.950379	0.0900647	0.203338	2.26675	23.95	24.7247	24.5697
18000	3	1	0	0.1	0.05	0	0.1	0.05	0.849959	0.525097	0.453219	5.713	24.835	24.7522	24.7687
18000	3	1	7	0.1	0.05	0	0.1	0.05	0.963547	0.334937	0.330096	3.497	23.9875	24.2697	24.2132
18000	3	1	23	0.1	0.05	0	0.1	0.05	0.608225	0.513379	0.428354	7.61125	25.3862	24.4544	24.6407
19000	3	1	8	0.1	0.05	0	0.1	0.05	0.928821	0.517756	0.453979	3.65475	24.0937	24.5919	24.4922
19000	3	1	6	0.1	0.05	0	0.1	0.05	0.845565	0.874334	0.719634	9.20975	24.1412	24.6256	24.5287
19000	3	1	17	0.1	0.05	0	0.1	0.05	0.812645	0.295881	0.287309	0.949	24.0625	24.2444	24.208
19000	3	1	9	0.1	0.05	0	0.1	0.05	0.8613	0.379533	0.349175	7.573	24.095	24.5066	24.4242
19000	3	1	21	0.1	0.05	0	0.1	0.05	0.593384	0.130246	0.158056	2.19225	24.9362	24.7119	24.7567
19000	3	1	24	0.1	0.05	0	0.1	0.05	0.526483	0.643645	0.525711	2.5585	24.7075	24.3809	24.4462
19000	3	1	14	0.1	0.05	0	0.1	0.05	0.93845	0.683065	0.577825	6.85025	23.89	24.4244	24.3175
19000	3	1	5	0.1	0.05	0	0.1	0.05	0.666348	0.381911	0.333351	0.71575	24.3125	24.4969	24.46
19000	3	1	12	0.1	0.05	0	0.1	0.05	0.751676	0.700741	0.580463	6.1675	24.0475	24.2025	24.1715
19000	3	1	16	0.1	0.05	0	0.1	0.05	0.816621	0.665735	0.557141	1.3225	24.0037	24.5241	24.42
19000	3	1	15	0.1	0.05	0	0.1	0.05	0.905463	0.81983	0.680458	8.54575	24.46	24.3528	24.3742
19000	3	1	19	0.1	0.05	0	0.1	0.05	0.820551	0.672268	0.562315	2.07325	24.0275	24.2831	24.232
19000	3	1	20	0.1	0.05	0	0.1	0.05	0.335418	0.172557	0.154139	1.47125	24.6487	24.6344	24.6372
19000	3	1	1	0.1	0.05	0	0.1	0.05	0.632054	0.286674	0.262028	2.38975	24.8562	24.7609	24.78
19000	3	1	10	0.1	0.05	0	0.1	0.05	0.963236	0.855732	0.711179	0.4885	24.0675	24.4481	24.372
19000	3	1	3	0.1	0.05	0	0.1	0.05	0.898994	0.574022	0.493199	6.22325	24.8812	24.6197	24.672
19000	3	1	11	0.1	0.05	0	0.1	0.05	0.649805	0.0830818	0.146036	2.3405	24.2312	24.4466	24.4035
19000	3	1	4	0.1	0.05	0	0.1	0.05	0.881396	0.486445	0.427256	6.415	24.3587	24.6141	24.563
19000	3	1	2	0.1	0.05	0	0.1	0.05	0.151409	0.192357	0.156873	3.17	25.0425	24.2675	24.4225
19000	3	1	22	0.1	0.05	0	0.1	0.05	0.495976	0.740117	0.60071	4.8895	24.9375	24.3725	24.4855
19000	3	1	13	0.1	0.05	0	0.1	0.05	0.95497	0.611135	0.524944	3.6835	24.0275	24.4884	24.3962
19000	3	1	18	0.1	0.05	0	0.1	0.05	0.909909	0.59576	0.51018	0.84	24.0687	24.7672	24.6275
19000	3	1	0	0.1	0.05	0	0.1	0.05	0.844745	0.596835	0.506529	5.15075	24.8187	24.7112	24.7327
19000	3	1	7	0.1	0.05	0	0.1	0.05	0.969789	0.540261	0.473757	2.11675	24.0612	24.3494	24.2917
19000	3	1	23	0.1	0.05	0	0.1	0.05	0.425671	0.722875	0.584734	8.61675	25.5325	24.4584	24.6732
