k_vd = 0.02, k_dv = 0.01, daylength = 18
1001.4	1002
1025.9	1026.7
1050.6	1051.4
1075.5	1076.1
1100.4	1100.9
1125.5	1125.7
1150.6	1150.6
1176.2	1175.5
1201.4	1200.5
1226.7	1225.7
1252	1250.8
1277.3	1276
1302.4	1301.3
1327.5	1326.5
1352.5	1351.7
1377.5	1376.8
1402.3	1401.9
1427.1	1426.9
1451.9	1451.9
1476.6	1476.8
1501.3	1501.6
1526	1526.4
1550.7	1551.1
1575.3	1575.9
1600	1600.6
1624.6	1625.2
1649.3	1649.9
1673.9	1674.6
1698.5	1699.3
1723.4	1724
1748.3	1748.8
1773.3	1773.6
1798.5	1798.5
1823.7	1823.4
1824	1848.4
1849.3	1873.5
1874.6	1898.7
1899.9	1923.9
1925.1	1949.1
1950.3	1974.4
1975.4	1999.6
2000.4	2024.7
2025.4	2049.8
2050.2	2074.8
2075.1	2099.8
2099.8	2124.7
2124.5	2149.5
2149.2	2174.3
2173.9	2199.1
2198.6	2223.8
2223.2	2248.5
2247.9	2273.2
2272.5	2297.8
2297.2	2322.5
2321.9	2347.2
2346.4	2371.9
2371.3	2396.7
2396.2	2421.5
2421.2	2446.4
2446.3	2471.3
2471.6	2496.3
2497.1	2521.4
2522.4	2546.6
2547.7	2571.8
2573	2597
2598.2	2622.2
2623.3	2647.4
2648.3	2672.6
2673.3	2697.7
2698.1	2722.7
2723	2747.7
2747.7	2772.6
2772.5	2797.4
2797.2	2822.2
2821.8	2847
2846.5	2871.7
2871.2	2896.4
2895.8	2921.1
2920.5	2945.8
2945.1	2970.4
2969.9	2995.1
2994.3	0
0	0
0	0
0	0
0	0
0	0
0	0
0	0
0	0
0	0
0	0
0	0
0	0
0	0
0	0
0	0
0	0
0	0
0	0
k_vd = 0.02, k_dv = 0.01, daylength = 18
1000	1000.2
1021.1	1024.2
1045.1	1048.2
1069.1	1072.2
1093.1	1096.2
1117.1	1120.2
1141.1	1144.2
1165.1	1168.2
1189.1	1192.2
1213.1	1216.2
1237.1	1240.2
1261.1	1264.2
1285.1	1288.2
1309.1	1312.2
1333.1	1336.2
1357.1	1360.2
1381.1	1384.2
1405.1	1408.2
1429.1	1432.2
1453.1	1456.2
1477.1	1480.2
1501.1	1504.2
1525.1	1528.2
1549.2	1552.2
1573.2	1576.2
1597.2	1600.2
1621.2	1624.2
1645.2	1648.2
1669.2	1672.2
1693.2	1696.2
1717.2	1720.2
1741.2	1744.2
1765.2	1768.2
1789.2	1792.2
1813.2	1816.2
1837.2	1840.2
1861.2	1864.2
1885.2	1888.2
1909.2	1912.2
1933.2	1936.2
1957.2	1960.2
1981.2	1984.2
2005.2	2008.2
2029.2	2032.2
2053.2	2056.2
2077.2	2080.2
2101.2	2104.2
2125.2	2128.2
2149.2	2152.2
2173.2	2176.2
2197.2	2200.2
2221.2	2224.2
2245.2	2248.2
2269.2	2272.2
2293.2	2296.2
2317.2	2320.2
2341.2	2344.2
2365.2	2368.2
2389.2	2392.2
2413.2	2416.2
2437.2	2440.2
2461.2	2464.2
2485.2	2488.2
2509.2	2512.2
2533.2	2536.2
2557.2	2560.2
2581.2	2584.2
2605.2	2608.2
2629.2	2632.2
2653.2	2656.2
2677.2	2680.2
2701.2	2704.2
2725.2	2728.2
2749.2	2752.2
2773.2	2776.2
2797.2	2800.2
2821.2	2824.2
2845.2	2848.2
2869.2	2872.2
2893.2	2896.2
2917.2	2920.2
2941.2	2944.2
2965.2	2968.2
2989.2	2992.2
0	0
0	0
0	0
0	0
0	0
0	0
0	0
0	0
0	0
0	0
0	0
0	0
0	0
0	0
0	0
0	0
k_vd = 0.02, k_dv = 0.01, daylength = 18
1000	1002.4
1024.1	1026.5
1048.1	1050.5
1072.2	1074.6
1096.3	1098.7
1120.5	1122.8
1144.6	1146.9
1168.7	1171
1192.9	1195.1
1217.1	1219.2
1241.3	1243.4
1265.5	1267.5
1289.8	1291.7
1313.9	1315.9
1337.9	1340.2
1362.3	1364.5
1387.1	1388.9
1412.2	1413.4
1437.8	1438.1
1463.8	1463.1
1464.7	1488.2
1490.8	1513.7
1516.9	1539.2
1542.6	1564.9
1567.9	1590.5
1592.7	1615.9
1617.5	1641.2
1642.1	1666.3
1666.6	1691.3
1691.1	1716.1
1715.5	1740.8
1739.9	1765.4
1764.2	1789.9
1788.5	1814.3
1812.8	1838.7
1837	1863
1861.2	1887.3
1885.4	1911.6
1909.6	1935.8
1933.7	1960
1957.9	1984.2
1982	2008.4
2006.1	2032.5
2030.2	2056.6
2054.3	2080.8
2078.4	2104.9
2102.5	2129
2126.6	2153.1
2150.7	2177.2
2174.8	2201.3
2198.8	2225.4
2222.9	2249.4
2247	2273.5
2271	2297.6
2295.1	2321.7
2319.2	2345.7
2343.2	2369.8
2367.3	2393.9
2391.4	2417.9
2415.4	2442
2439.5	2466
2463.6	2490.1
2487.6	2514.2
2511.7	2538.2
2535.8	2562.3
2559.9	2586.4
2583.9	2610.4
2608	2634.5
2632.1	2658.6
2656.2	2682.7
2680.3	2706.7
2704.4	2730.8
2728.5	2754.9
2752.7	2779
2776.8	2803.2
2801	2827.3
2825.1	2851.4
2849.4	2875.6
2873.6	2899.8
2897.9	2924
2921.9	2948.3
2946	2972.7
2970.7	2997.2
2995.6	0
0	0
0	0
0	0
0	0
0	0
0	0
0	0
0	0
0	0
0	0
0	0
0	0
0	0
0	0
0	0
0	0
k_vd = 0.02, k_dv = 0.01, daylength = 18
1000	1000.3
1024.3	1024.8
1048.8	1049.3
1073.4	1073.8
1097.9	1098.3
1122.1	1122.9
1147	1147.5
1172.1	1172.2
1197.3	1196.9
1222.9	1221.8
1249.2	1246.9
1275	1272.1
1300.8	1297.4
1326.3	1322.8
1351.6	1348.3
1376.6	1373.8
1401.5	1399.2
1426.3	1424.5
1451	1449.6
1475.6	1474.7
1500.2	1499.7
1524.8	1524.5
1549.3	1549.3
1573.8	1574
1598.3	1598.6
1622.8	1623.2
1647.3	1647.7
1671.8	1672.3
1696.3	1696.8
1720.8	1721.3
1745.3	1745.8
1769.9	1770.3
1794.1	1794.9
1819	1819.5
1844	1844.1
1869.3	1868.9
1894.8	1893.8
1921.1	1918.8
1946.9	1944
1972.7	1969.3
1998.2	1994.8
2023.5	2020.2
2048.6	2045.7
2073.5	2071.1
2098.2	2096.4
2122.9	2121.6
2147.6	2146.7
2172.2	2171.6
2196.8	2196.5
2221.3	2221.2
2245.8	2245.9
2270.3	2270.6
2294.8	2295.2
2319.3	2319.7
2343.7	2344.2
2368.2	2368.8
2392.7	2393.3
2417.3	2417.8
2441.9	2442.3
2466	2466.8
2490.9	2491.4
2515.9	2516.1
2541.2	2540.9
2566.7	2565.7
2593.1	2590.8
2618.8	2615.9
2644.6	2641.3
2670.2	2666.7
2695.5	2692.2
2720.5	2717.6
2745.4	2743
2770.2	2768.3
2794.9	2793.5
2819.5	2818.6
2844.2	2843.6
2868.7	2868.4
2893.3	2893.2
2917.8	2917.9
2942.3	2942.5
2966.8	2967.1
2991.2	2991.7
0	0
0	0
0	0
0	0
0	0
0	0
0	0
0	0
0	0
0	0
0	0
0	0
0	0
0	0
0	0
0	0
0	0
0	0
0	0
k_vd = 0.02, k_dv = 0.01, daylength = 18
1000.8	1000.7
1025.4	1025.4
1049.9	1050
1074.5	1074.6
1099.2	1099.2
1124.1	1123.9
1149	1148.6
1174	1173.4
1199	1198.2
1224.5	1223.1
1249.7	1248
1274.8	1273.1
1300	1298.1
1325.2	1323.3
1350.3	1348.4
1375.3	1373.5
1400.2	1398.6
1425.1	1423.7
1449.9	1448.7
1474.6	1473.7
1499.3	1498.6
1524	1523.4
1548.7	1548.2
1573.3	1573
1597.9	1597.7
1622.5	1622.3
1647.1	1647
1671.7	1671.6
1696.3	1696.2
1720.9	1720.8
1745.5	1745.4
1769.9	1770
1794.6	1794.7
1819.3	1819.3
1844.2	1844
1869.1	1868.7
1894.1	1893.5
1919.2	1918.3
1944.6	1943.2
1969.8	1968.2
1995	1993.2
2020.2	2018.3
2045.3	2043.4
2070.4	2068.5
2095.4	2093.7
2120.3	2118.8
2145.2	2143.8
2170	2168.8
2194.7	2193.8
2219.4	2218.7
2244.1	2243.5
2268.8	2268.3
2293.4	2293.1
2318	2317.8
2342.6	2342.4
2367.2	2367.1
2391.7	2391.7
2416.3	2416.3
2440.9	2440.9
2465.6	2465.5
2490	2490.1
2514.7	2514.8
2539.4	2539.4
2564.3	2564.1
2589.2	2588.8
2614.2	2613.6
2639.3	2638.4
2664.8	2663.3
2690	2688.3
2715.2	2713.3
2740.3	2738.4
2765.5	2763.6
2790.5	2788.7
2815.5	2813.8
2840.4	2838.9
2865.3	2864
2890.1	2889
2914.8	2913.9
2939.5	2938.8
2964.2	2963.6
2988.8	2988.4
0	0
0	0
0	0
0	0
0	0
0	0
0	0
0	0
0	0
0	0
0	0
0	0
0	0
0	0
0	0
0	0
0	0
0	0
0	0
k_vd = 0.02, k_dv = 0.01, daylength = 18
1000	1000
1021.7	1024
1045.7	1048
1069.7	1072
1093.7	1096
1117.7	1120
1141.7	1144
1165.7	1168
1189.7	1192
1213.7	1216
1237.7	1240
1261.7	1264
1285.7	1288
1309.7	1312
1333.7	1336
1357.7	1360
1381.7	1384.1
1405.7	1408.1
1429.7	1432.1
1453.7	1456.1
1477.7	1480.1
1501.7	1504.1
1525.7	1528.1
1549.7	1552.1
1573.7	1576.1
1597.7	1600.1
1621.7	1624.1
1645.7	1648.1
1669.7	1672.1
1693.7	1696.1
1717.7	1720.1
1741.7	1744.1
1765.7	1768.1
1789.7	1792.1
1813.7	1816.1
1837.7	1840.1
1861.7	1864.1
1885.7	1888.1
1909.7	1912.1
1933.7	1936.1
1957.7	1960.1
1981.7	1984.1
2005.7	2008.1
2029.7	2032.1
2053.7	2056.1
2077.7	2080.1
2101.7	2104.1
2125.7	2128.1
2149.7	2152.1
2173.7	2176.1
2197.7	2200.1
2221.7	2224.1
2245.7	2248.1
2269.7	2272.1
2293.7	2296.1
2317.7	2320.1
2341.7	2344.1
2365.7	2368.1
2389.7	2392.1
2413.7	2416.1
2437.7	2440.1
2461.7	2464.1
2485.7	2488.1
2509.7	2512.1
2533.7	2536.1
2557.7	2560.1
2581.7	2584.1
2605.7	2608.1
2629.7	2632.1
2653.7	2656.1
2677.7	2680.1
2701.7	2704.1
2725.7	2728.1
2749.7	2752.1
2773.7	2776.1
2797.7	2800.1
2821.7	2824.1
2845.7	2848.1
2869.7	2872.1
2893.7	2896.1
2917.7	2920.1
2941.7	2944.1
2965.7	2968.1
2989.7	2992.1
0	0
0	0
0	0
0	0
0	0
0	0
0	0
0	0
0	0
0	0
0	0
0	0
0	0
0	0
0	0
0	0
k_vd = 0.02, k_dv = 0.01, daylength = 18
1003.6	1005
1029	1029.7
1054.8	1054.5
1081.8	1079.5
1108	1104.8
1133.9	1130.3
1159.3	1155.9
1184.3	1181.5
1209	1207
1233.7	1232.3
1258.2	1257.5
1282.8	1282.6
1307.2	1307.5
1331.6	1332.3
1356	1356.9
1380.4	1381.5
1404.7	1406
1428.9	1430.5
1453.2	1454.9
1477.4	1479.2
1501.6	1503.5
1525.8	1527.8
1550	1552
1574.2	1576.2
1598.3	1600.4
1622.5	1624.6
1646.6	1648.8
1670.7	1673
1694.9	1697.1
1719	1721.3
1743.1	1745.4
1767.3	1769.5
1791.4	1793.7
1815.5	1817.8
1839.6	1841.9
1863.8	1866
1887.9	1890.2
1912.1	1914.3
1936.2	1938.4
1960.4	1962.6
1984.6	1986.7
2008.8	2010.9
2033	2035
2057.3	2059.2
2081.6	2083.4
2105.9	2107.7
2129.9	2132
2154.2	2156.3
2179	2180.7
2204.1	2205.3
2229.7	2230
2255.7	2254.9
2256.6	2280
2282.7	2305.4
2308.8	2330.9
2334.5	2356.5
2359.7	2382.1
2384.6	2407.5
2409.3	2432.8
2433.9	2458
2458.5	2483
2483	2507.8
2507.4	2532.6
2531.8	2557.2
2556.2	2581.7
2580.5	2606.2
2604.8	2630.6
2629	2655
2653.3	2679.3
2677.5	2703.6
2701.7	2727.9
2725.9	2752.1
2750.1	2776.3
2774.2	2800.5
2798.4	2824.7
2822.5	2848.9
2846.7	2873
2870.8	2897.2
2894.9	2921.3
2919	2945.4
2943.2	2969.6
2967.3	2993.7
2991.4	0
0	0
0	0
0	0
0	0
0	0
0	0
0	0
0	0
0	0
0	0
0	0
0	0
0	0
0	0
0	0
0	0
0	0
k_vd = 0.02, k_dv = 0.01, daylength = 18
1005.7	1005.7
1030.9	1030.6
1056.5	1055.6
1081.8	1080.6
1107.1	1105.8
1132.4	1131
1157.7	1156.2
1182.8	1181.4
1207.9	1206.7
1232.9	1231.8
1257.8	1257
1282.7	1282.1
1307.5	1307.1
1332.2	1332
1356.9	1356.9
1381.6	1381.7
1406.3	1406.5
1431	1431.3
1455.6	1456
1480.3	1480.7
1505	1505.4
1529.7	1530.1
1554.2	1554.8
1579	1579.5
1603.9	1604.3
1628.9	1629.1
1654	1653.9
1679.2	1678.9
1704.8	1703.8
1730.1	1728.9
1755.5	1754.1
1780.8	1779.3
1793.9	1804.5
1806	1829.8
1831.1	1855
1856.2	1880.2
1881.1	1905.3
1906	1930.3
1930.9	1955.3
1955.7	1980.3
1980.4	2005.1
2005.1	2030
2029.8	2054.7
2054.5	2079.5
2079.1	2104.2
2103.8	2128.9
2128.5	2153.6
2153.2	2178.3
2177.9	2203
2202.4	2227.7
2227.2	2252.5
2252.2	2277.3
2277.2	2302.2
2302.3	2327.1
2327.6	2352.1
2353.2	2377.2
2378.5	2402.4
2403.8	2427.6
2429.1	2452.9
2454.3	2478.1
2479.4	2503.3
2504.4	2528.5
2529.4	2553.6
2554.3	2578.6
2579.1	2603.6
2603.9	2628.5
2628.6	2653.4
2653.3	2678.2
2678	2702.9
2702.7	2727.7
2727.3	2752.4
2752	2777.1
2776.7	2801.8
2801.3	2826.5
2825.9	2851.2
2850.6	2875.9
2875.5	2900.7
2900.4	2925.5
2925.5	2950.4
2950.7	2975.4
2976.2	0
0	0
0	0
0	0
0	0
0	0
0	0
0	0
0	0
0	0
0	0
0	0
0	0
0	0
0	0
0	0
0	0
0	0
0	0
0	0
k_vd = 0.02, k_dv = 0.01, daylength = 18
1000	1001.3
1024.3	1025.8
1048.7	1050.2
1073.2	1074.7
1097.8	1099.2
1121.9	1123.7
1146.6	1148.2
1171.6	1172.9
1196.7	1197.6
1222.1	1222.4
1247.8	1247.4
1248.5	1272.6
1274.2	1297.9
1300	1323.4
1313.9	1348.9
1325.6	1374.5
1351	1399.9
1376.2	1425.2
1401.1	1450.4
1426	1475.4
1450.7	1500.4
1475.4	1525.2
1500	1549.9
1524.6	1574.6
1549.1	1599.2
1573.6	1623.8
1598	1648.3
1622.5	1672.8
1646.9	1697.3
1671.3	1721.7
1695.7	1746.2
1720.2	1770.6
1744.6	1795.1
1769.1	1819.6
1793.7	1844.1
1817.9	1868.7
1842.5	1893.4
1867.4	1918.3
1892.5	1943.2
1917.9	1968.4
1943.5	1993.7
1944.2	2019.1
1969.9	2044.7
1995.6	2070.2
2021.3	2095.6
2046.8	2121
2072	2146.2
2097	2171.2
2121.8	2196.2
2146.6	2221.1
2171.3	2245.8
2195.9	2270.5
2220.5	2295.1
2245	2319.7
2269.5	2344.2
2293.9	2368.7
2318.4	2393.2
2342.8	2417.6
2367.2	2442.1
2391.7	2466.5
2416.1	2491
2440.6	2515.5
2465	2540
2489.6	2564.6
2513.9	2589.3
2538.3	2614.1
2563.2	2639
2588.3	2664.1
2613.6	2689.4
2639.2	2714.9
2665.5	2740.4
2691.3	2765.9
2717	2791.4
2742.5	2816.7
2767.8	2842
2792.8	2867.1
2817.7	2892
2842.5	2916.9
2867.2	2941.7
2891.8	2966.4
2916.4	2991
2940.9	0
2965.4	0
2989.9	0
0	0
0	0
0	0
0	0
0	0
0	0
0	0
0	0
0	0
0	0
0	0
0	0
0	0
0	0
0	0
0	0
k_vd = 0.02, k_dv = 0.01, daylength = 18
1000	1000.9
1024.3	1025.3
1048.7	1049.8
1073.2	1074.2
1097.8	1098.7
1121.9	1123.2
1146.6	1147.7
1171.5	1172.3
1196.6	1197
1222	1221.8
1247.5	1246.8
1248.2	1271.8
1273.8	1297.1
1299.6	1322.4
1325.2	1347.9
1350.6	1373.3
1375.8	1398.8
1400.8	1424.1
1425.6	1449.3
1450.3	1474.4
1475	1499.4
1499.6	1524.2
1524.2	1549
1548.7	1573.7
1573.2	1598.4
1597.7	1622.9
1622.1	1647.5
1646.6	1672
1671	1696.5
1695.4	1720.9
1719.9	1745.4
1744.3	1769.8
1768.8	1794.3
1793.3	1818.7
1817.8	1843.2
1841.9	1867.8
1866.7	1892.4
1891.6	1917.1
1916.7	1941.9
1942.1	1966.8
1967.7	1991.9
1968.3	2017.2
1994	2042.6
2019.7	2068
2045.3	2093.5
2070.7	2118.9
2095.9	2144.2
2120.8	2169.4
2145.6	2194.4
2170.4	2219.4
2195	2244.3
2219.7	2269.1
2244.2	2293.8
2268.8	2318.4
2293.3	2343
2317.7	2367.5
2342.2	2392
2366.6	2416.5
2391	2441
2415.5	2465.4
2439.9	2489.9
2464.3	2514.3
2488.8	2538.8
2513.3	2563.3
2537.9	2587.8
2562	2612.4
2586.7	2637.1
2611.7	2662
2636.8	2686.9
2662.2	2712
2687.8	2737.3
2688.4	2762.7
2714.1	2788.1
2739.8	2813.6
2765.4	2839
2790.8	2864.3
2815.9	2889.4
2840.9	2914.5
2865.7	2939.5
2890.4	2964.3
2915.1	2989.1
2939.7	0
2964.3	0
2988.8	0
0	0
0	0
0	0
0	0
0	0
0	0
0	0
0	0
0	0
0	0
0	0
0	0
0	0
0	0
0	0
0	0
k_vd = 0.02, k_dv = 0.01, daylength = 18
1000	1000.2
1021.6	1024.2
1045.6	1048.2
1069.6	1072.2
1093.6	1096.2
1117.6	1120.2
1141.6	1144.2
1165.6	1168.2
1189.6	1192.2
1213.6	1216.3
1237.6	1240.3
1261.6	1264.3
1285.6	1288.3
1309.6	1312.3
1333.6	1336.3
1357.6	1360.3
1381.6	1384.3
1405.6	1408.3
1429.6	1432.3
1453.6	1456.3
1477.6	1480.3
1501.6	1504.3
1525.6	1528.3
1549.6	1552.3
1573.6	1576.3
1597.6	1600.3
1621.6	1624.3
1645.6	1648.3
1669.6	1672.3
1693.6	1696.3
1717.6	1720.3
1741.6	1744.3
1765.6	1768.3
1789.6	1792.3
1813.6	1816.3
1837.6	1840.3
1861.6	1864.3
1885.6	1888.3
1909.6	1912.3
1933.6	1936.3
1957.6	1960.3
1981.6	1984.3
2005.6	2008.3
2029.6	2032.3
2053.6	2056.3
2077.6	2080.3
2101.6	2104.3
2125.6	2128.3
2149.6	2152.3
2173.6	2176.3
2197.6	2200.3
2221.6	2224.3
2245.6	2248.3
2269.6	2272.3
2293.6	2296.3
2317.6	2320.3
2341.6	2344.3
2365.6	2368.3
2389.6	2392.3
2413.6	2416.3
2437.6	2440.3
2461.6	2464.3
2485.6	2488.3
2509.6	2512.3
2533.6	2536.3
2557.6	2560.3
2581.6	2584.3
2605.6	2608.3
2629.6	2632.3
2653.6	2656.3
2677.6	2680.3
2701.6	2704.3
2725.6	2728.3
2749.6	2752.3
2773.6	2776.3
2797.6	2800.3
2821.6	2824.3
2845.6	2848.3
2869.6	2872.3
2893.6	2896.3
2917.6	2920.3
2941.6	2944.3
2965.6	2968.3
2989.6	2992.3
0	0
0	0
0	0
0	0
0	0
0	0
0	0
0	0
0	0
0	0
0	0
0	0
0	0
0	0
0	0
0	0
k_vd = 0.02, k_dv = 0.01, daylength = 18
1000	1000
1022.9	1023.9
1047.4	1048.3
1071.8	1072.8
1096.2	1097.2
1120.6	1121.6
1145.1	1146.1
1169.6	1170.5
1193.9	1195
1218.4	1219.5
1243.2	1244.1
1268.2	1268.7
1293.4	1293.5
1318.9	1318.3
1345.2	1343.4
1370.9	1368.6
1396.6	1393.9
1422.2	1419.4
1447.4	1444.9
1472.5	1470.3
1497.3	1495.7
1522.1	1520.9
1546.8	1546.1
1571.5	1571.1
1596	1596
1620.6	1620.8
1645.1	1645.5
1669.5	1670.1
1694	1694.7
1718.4	1719.2
1742.8	1743.7
1767.3	1768.2
1791.7	1792.7
1816.1	1817.1
1840.5	1841.5
1865	1866
1889.5	1890.4
1913.9	1914.9
1938.1	1939.4
1963	1963.9
1987.9	1988.5
2013.1	2013.3
2038.5	2038.1
2064.8	2063.1
2090.5	2088.2
2116.2	2113.6
2129.9	2139
2141.8	2164.5
2167.1	2189.9
2192.2	2215.3
2217.1	2240.6
2241.9	2265.8
2266.6	2290.8
2291.3	2315.7
2315.9	2340.6
2340.4	2365.3
2364.9	2390
2389.4	2414.6
2413.9	2439.1
2438.3	2463.6
2462.7	2488.1
2487.1	2512.5
2511.6	2537
2536	2561.4
2560.4	2585.8
2584.9	2610.3
2609.4	2634.7
2633.9	2659.2
2658	2683.7
2682.7	2708.4
2707.7	2733
2732.8	2757.9
2758.1	2782.8
2783.7	2807.9
2784.3	2833.2
2810	2858.6
2835.7	2884.1
2861.4	2909.5
2886.8	2935
2911.9	2960.3
2936.9	2985.5
2961.7	0
2986.5	0
0	0
0	0
0	0
0	0
0	0
0	0
0	0
0	0
0	0
0	0
0	0
0	0
0	0
0	0
0	0
0	0
0	0
k_vd = 0.02, k_dv = 0.01, daylength = 18
1000	1000.8
1022.4	1024.8
1046.4	1048.8
1070.4	1072.8
1094.4	1096.9
1118.4	1120.9
1142.4	1144.9
1166.4	1168.9
1190.4	1192.9
1214.4	1216.9
1238.4	1240.9
1262.4	1264.9
1286.4	1288.9
1310.4	1312.9
1334.4	1336.9
1358.4	1360.9
1382.4	1384.9
1406.4	1408.9
1430.5	1432.9
1454.5	1456.9
1478.5	1480.9
1502.5	1504.9
1526.5	1528.9
1550.5	1552.9
1574.5	1576.9
1598.5	1600.9
1622.5	1624.9
1646.5	1648.9
1670.5	1672.9
1694.5	1696.9
1718.5	1720.9
1742.5	1744.9
1766.5	1768.9
1790.5	1792.9
1814.5	1816.9
1838.5	1840.9
1862.5	1864.9
1886.5	1888.9
1910.5	1912.9
1934.5	1936.9
1958.5	1960.9
1982.5	1984.9
2006.5	2008.9
2030.5	2032.9
2054.5	2056.9
2078.5	2080.9
2102.5	2104.9
2126.5	2128.9
2150.5	2152.9
2174.5	2176.9
2198.5	2200.9
2222.5	2224.9
2246.5	2248.9
2270.5	2272.9
2294.5	2296.9
2318.5	2320.9
2342.5	2344.9
2366.5	2368.9
2390.5	2392.9
2414.5	2416.9
2438.5	2440.9
2462.5	2464.9
2486.5	2488.9
2510.5	2512.9
2534.5	2536.9
2558.5	2560.9
2582.5	2584.9
2606.5	2608.9
2630.5	2632.9
2654.5	2656.9
2678.5	2680.9
2702.5	2704.9
2726.5	2728.9
2750.5	2752.9
2774.5	2776.9
2798.5	2800.9
2822.5	2824.9
2846.5	2848.9
2870.5	2872.9
2894.5	2896.9
2918.5	2920.9
2942.5	2944.9
2966.5	2968.9
2990.5	2992.9
0	0
0	0
0	0
0	0
0	0
0	0
0	0
0	0
0	0
0	0
0	0
0	0
0	0
0	0
0	0
0	0
k_vd = 0.02, k_dv = 0.01, daylength = 18
1000	1000
1021.6	1022.8
1046	1047.2
1070.4	1071.7
1094.7	1096.1
1119.1	1120.5
1143.4	1144.9
1167.8	1169.3
1192.1	1193.6
1216.5	1218
1240.9	1242.4
1265.3	1266.7
1289.8	1291.1
1313.9	1315.6
1338.4	1340
1363.2	1364.5
1388.2	1389.1
1413.3	1413.8
1438.6	1438.6
1464.8	1463.5
1490.3	1488.6
1515.9	1513.8
1541.4	1539.2
1566.7	1564.5
1591.7	1589.9
1616.6	1615.2
1641.4	1640.4
1666.1	1665.5
1690.7	1690.5
1715.3	1715.4
1739.9	1740.3
1764.3	1765
1788.8	1789.6
1813.2	1814.2
1837.6	1838.8
1862	1863.2
1886.4	1887.7
1910.7	1912.1
1935.1	1936.5
1959.4	1960.9
1983.8	1985.3
2008.1	2009.6
2032.5	2034
2056.9	2058.4
2081.3	2082.7
2105.8	2107.1
2129.9	2131.6
2154.4	2156
2179.2	2180.5
2204.2	2205.1
2229.3	2229.8
2254.6	2254.6
2280.8	2279.5
2306.3	2304.6
2331.9	2329.8
2357.4	2355.2
2382.7	2380.6
2407.7	2405.9
2432.6	2431.2
2457.4	2456.4
2482.1	2481.6
2506.8	2506.6
2531.3	2531.5
2555.9	2556.3
2580.4	2581
2604.8	2605.6
2629.2	2630.2
2653.6	2654.8
2678	2679.2
2702.4	2703.7
2726.7	2728.1
2751.1	2752.5
2775.4	2776.9
2799.8	2801.3
2824.1	2825.6
2848.5	2850
2872.9	2874.4
2897.3	2898.7
2921.8	2923.1
2945.9	2947.6
2970.4	2972
2995.2	2996.5
0	0
0	0
0	0
0	0
0	0
0	0
0	0
0	0
0	0
0	0
0	0
0	0
0	0
0	0
0	0
0	0
0	0
0	0
k_vd = 0.02, k_dv = 0.01, daylength = 18
1001.9	1009.4
1013.3	1035
1038.9	1060.5
1064	1086.1
1088.8	1111.5
1113.5	1136.8
1138.1	1162
1162.6	1187
1187.1	1211.8
1211.6	1236.5
1236	1261.2
1260.3	1285.7
1284.7	1310.2
1309	1334.6
1333.2	1359
1357.5	1383.3
1381.7	1407.6
1405.9	1431.9
1430.1	1456.1
1454.3	1480.3
1478.5	1504.6
1502.6	1528.7
1526.8	1552.9
1551	1577.1
1575.1	1601.3
1599.3	1625.4
1623.4	1649.6
1647.6	1673.7
1671.7	1697.9
1695.9	1722
1720.1	1746.2
1744.3	1770.4
1768.5	1794.5
1792.7	1818.7
1816.9	1842.9
1841.2	1867.2
1865.5	1891.4
1889.9	1915.7
1913.9	1940.1
1938.2	1964.5
1963.1	1989.1
1988.2	2013.8
2013.8	2038.7
2040.9	2063.9
2067	2089.3
2093.1	2114.8
2118.7	2140.4
2143.9	2165.9
2168.8	2191.4
2193.4	2216.7
2218	2241.9
2242.6	2266.9
2267.1	2291.7
2291.5	2316.5
2315.9	2341.1
2340.3	2365.7
2364.6	2390.2
2388.9	2414.6
2413.2	2439
2437.5	2463.3
2461.7	2487.6
2485.9	2511.9
2510.1	2536.1
2534.3	2560.3
2558.5	2584.5
2582.6	2608.7
2606.8	2632.9
2630.9	2657.1
2655.1	2681.2
2679.3	2705.4
2703.4	2729.6
2727.6	2753.7
2751.7	2777.9
2775.9	2802
2800.1	2826.2
2824.3	2850.3
2848.5	2874.5
2872.7	2898.7
2896.9	2922.9
2921.2	2947.1
2945.5	2971.4
2969.9	2995.7
2993.9	0
0	0
0	0
0	0
0	0
0	0
0	0
0	0
0	0
0	0
0	0
0	0
0	0
0	0
0	0
0	0
0	0
0	0
k_vd = 0.02, k_dv = 0.01, daylength = 18
1000	1001.8
1023.5	1025.8
1047.6	1049.9
1071.6	1073.9
1095.7	1098
1119.7	1122
1143.8	1146
1167.8	1170.1
1191.9	1194.1
1216	1218.2
1240	1242.2
1264.1	1266.3
1288.2	1290.3
1312.2	1314.4
1336.3	1338.5
1360.4	1362.5
1384.5	1386.6
1408.6	1410.7
1432.7	1434.8
1456.8	1458.8
1480.9	1482.9
1505.1	1507.1
1529.3	1531.2
1553.5	1555.3
1577.7	1579.5
1601.9	1603.7
1625.9	1627.9
1650.1	1652.2
1674.7	1676.5
1699.7	1701
1724.9	1725.6
1750.5	1750.3
1777.5	1775.3
1803.5	1800.5
1817.9	1825.9
1829.4	1851.4
1854.9	1877
1880	1902.4
1904.7	1927.8
1929.4	1953
1954	1978.1
1978.5	2003
2002.9	2027.8
2027.3	2052.5
2051.7	2077
2076	2101.5
2100.3	2126
2124.6	2150.3
2148.8	2174.7
2173	2199
2197.2	2223.2
2221.4	2247.4
2245.5	2271.6
2269.7	2295.8
2293.8	2320
2317.9	2344.1
2342	2368.2
2366.1	2392.4
2390.2	2416.5
2414.3	2440.6
2438.4	2464.7
2462.5	2488.7
2486.5	2512.8
2510.6	2536.9
2534.7	2561
2558.7	2585
2582.8	2609.1
2606.8	2633.2
2630.9	2657.2
2654.9	2681.3
2679	2705.3
2703	2729.4
2727.1	2753.4
2751.1	2777.5
2775.2	2801.5
2799.2	2825.6
2823.3	2849.6
2847.3	2873.7
2871.4	2897.7
2895.4	2921.8
2919.5	2945.8
2943.5	2969.9
2967.6	2993.9
2991.6	0
0	0
0	0
0	0
0	0
0	0
0	0
0	0
0	0
0	0
0	0
0	0
0	0
0	0
0	0
0	0
0	0
k_vd = 0.02, k_dv = 0.01, daylength = 18
1001.2	1001
1025.9	1025.7
1050.4	1050.5
1075.3	1075.2
1100.2	1100
1125.3	1124.8
1150.4	1149.7
1175.6	1174.6
1201.1	1199.6
1226.4	1224.6
1251.6	1249.7
1276.9	1274.9
1289.9	1300.1
1302	1325.3
1327.1	1350.4
1352.1	1375.6
1377	1400.6
1401.9	1425.7
1426.7	1450.7
1451.5	1475.6
1476.2	1500.5
1501	1525.3
1525.7	1550.1
1550.3	1574.8
1575	1599.6
1599.7	1624.3
1624.4	1649
1649.1	1673.7
1673.8	1698.4
1698.3	1723.1
1723.2	1747.9
1748.2	1772.7
1773.2	1797.6
1798.3	1822.5
1823.5	1847.5
1849	1872.5
1874.3	1897.6
1899.5	1922.8
1924.8	1948
1949.9	1973.2
1975	1998.3
2000	2023.5
2024.9	2048.6
2049.8	2073.6
2074.6	2098.6
2099.4	2123.5
2124.2	2148.4
2148.9	2173.2
2173.6	2198
2198.3	2222.8
2223	2247.5
2247.6	2272.2
2272.3	2296.9
2297	2321.6
2321.8	2346.4
2346.3	2371.1
2371.1	2395.9
2396.1	2420.7
2421.1	2445.5
2446.2	2470.4
2471.4	2495.4
2496.9	2520.4
2522.2	2545.5
2547.4	2570.7
2572.7	2595.9
2597.8	2621.1
2622.9	2646.2
2647.9	2671.4
2672.9	2696.5
2697.7	2721.5
2722.6	2746.5
2747.4	2771.4
2772.1	2796.3
2796.8	2821.1
2821.5	2845.9
2846.2	2870.7
2870.9	2895.4
2895.6	2920.2
2920.3	2944.9
2945	2969.6
2969.7	2994.3
2994.2	0
0	0
0	0
0	0
0	0
0	0
0	0
0	0
0	0
0	0
0	0
0	0
0	0
0	0
0	0
0	0
0	0
0	0
0	0
k_vd = 0.02, k_dv = 0.01, daylength = 18
1000	1001.3
1022.8	1025.3
1046.8	1049.3
1070.8	1073.3
1094.8	1097.3
1118.8	1121.4
1142.9	1145.4
1166.9	1169.4
1190.9	1193.4
1214.9	1217.4
1238.9	1241.4
1262.9	1265.4
1286.9	1289.4
1310.9	1313.5
1334.9	1337.5
1359	1361.5
1383	1385.5
1407	1409.5
1431	1433.5
1455	1457.5
1479	1481.5
1503	1505.5
1527	1529.5
1551	1553.5
1575	1577.6
1599	1601.6
1623	1625.6
1647.1	1649.6
1671.1	1673.6
1695.1	1697.6
1719.1	1721.6
1743.1	1745.6
1767.1	1769.6
1791.1	1793.6
1815.1	1817.6
1839.1	1841.6
1863.1	1865.6
1887.1	1889.6
1911.1	1913.6
1935.1	1937.6
1959.1	1961.7
1983.1	1985.7
2007.1	2009.7
2031.1	2033.7
2055.2	2057.7
2079.2	2081.7
2103.2	2105.7
2127.2	2129.7
2151.2	2153.7
2175.2	2177.7
2199.2	2201.7
2223.2	2225.7
2247.2	2249.7
2271.2	2273.7
2295.2	2297.7
2319.2	2321.7
2343.2	2345.7
2367.2	2369.7
2391.2	2393.7
2415.2	2417.7
2439.2	2441.7
2463.2	2465.7
2487.2	2489.7
2511.2	2513.7
2535.2	2537.8
2559.2	2561.8
2583.2	2585.8
2607.2	2609.8
2631.2	2633.8
2655.3	2657.8
2679.3	2681.8
2703.3	2705.8
2727.3	2729.8
2751.3	2753.8
2775.3	2777.8
2799.3	2801.8
2823.3	2825.8
2847.3	2849.8
2871.3	2873.8
2895.3	2897.8
2919.3	2921.8
2943.3	2945.8
2967.3	2969.8
2991.3	2993.8
0	0
0	0
0	0
0	0
0	0
0	0
0	0
0	0
0	0
0	0
0	0
0	0
0	0
0	0
0	0
0	0
k_vd = 0.02, k_dv = 0.01, daylength = 18
1014.1	1010
1039.5	1035.6
1064.5	1061.2
1089.2	1086.8
1113.8	1112.2
1138.4	1137.4
1162.9	1162.5
1187.4	1187.4
1211.8	1212.2
1236.2	1236.9
1260.6	1261.5
1284.9	1286
1309.2	1310.5
1333.5	1334.8
1357.7	1359.2
1381.9	1383.5
1406.1	1407.8
1430.3	1432
1454.5	1456.2
1478.7	1480.5
1502.8	1504.7
1527	1528.8
1551.2	1553
1575.3	1577.2
1599.5	1601.3
1623.6	1625.5
1647.8	1649.7
1672	1673.8
1696.2	1698
1720.4	1722.2
1744.6	1746.3
1768.8	1770.5
1793.1	1794.7
1817.4	1818.9
1841.7	1843.2
1865.9	1867.5
1889.9	1891.8
1914.6	1916.2
1939.7	1940.7
1965.1	1965.4
1990.9	1990.2
2018	2015.3
2044.2	2040.6
2070.1	2066.1
2095.5	2091.7
2120.5	2117.3
2145.3	2142.9
2169.9	2168.3
2194.5	2193.5
2219	2218.6
2243.4	2243.5
2267.9	2268.3
2292.3	2293
2316.6	2317.5
2340.9	2342
2365.2	2366.5
2389.5	2390.9
2413.7	2415.2
2437.9	2439.5
2462.1	2463.8
2486.3	2488
2510.5	2512.3
2534.7	2536.5
2558.8	2560.7
2583	2584.9
2607.2	2609
2631.3	2633.2
2655.5	2657.4
2679.7	2681.5
2703.8	2705.7
2728	2729.8
2752.2	2754
2776.4	2778.2
2800.6	2802.3
2824.8	2826.5
2849.1	2850.7
2873.4	2874.9
2897.8	2899.2
2921.9	2923.5
2946	2947.8
2970.7	2972.2
2995.8	2996.8
0	0
0	0
0	0
0	0
0	0
0	0
0	0
0	0
0	0
0	0
0	0
0	0
0	0
0	0
0	0
0	0
0	0
0	0
k_vd = 0.02, k_dv = 0.01, daylength = 18
1001.8	1002.2
1026.4	1026.9
1051.2	1051.6
1076.2	1076.4
1101.2	1101.2
1126.3	1126.1
1151.6	1151.1
1177.1	1176.1
1202.4	1201.2
1227.7	1226.4
1253	1251.6
1278.2	1276.8
1303.3	1302
1328.3	1327.2
1353.2	1352.4
1378.1	1377.5
1403	1402.5
1427.8	1427.5
1452.5	1452.4
1477.2	1477.3
1501.9	1502.1
1526.6	1526.8
1551.3	1551.6
1576	1576.3
1600.7	1601
1625.4	1625.7
1649.9	1650.4
1674.6	1675.1
1699.5	1699.9
1724.5	1724.7
1749.6	1749.5
1774.7	1774.4
1800.3	1799.4
1825.5	1824.4
1850.8	1849.6
1876.1	1874.7
1901.4	1900
1926.5	1925.2
1951.6	1950.4
1976.6	1975.6
2001.5	2000.7
2026.4	2025.8
2051.2	2050.8
2076	2075.8
2100.7	2100.7
2125.5	2125.5
2150.1	2150.3
2174.8	2175.1
2199.5	2199.8
2224.2	2224.5
2248.9	2249.2
2273.6	2273.9
2298.1	2298.6
2322.9	2323.4
2347.8	2348.1
2372.8	2372.9
2397.9	2397.8
2423.1	2422.7
2448.7	2447.7
2473.9	2472.8
2499.2	2497.9
2524.5	2523.1
2549.7	2548.4
2574.9	2573.6
2599.9	2598.8
2624.9	2624
2649.8	2649.1
2674.7	2674.2
2699.5	2699.1
2724.2	2724.1
2749	2749
2773.7	2773.8
2798.4	2798.6
2823	2823.3
2847.7	2848
2872.4	2872.8
2897.1	2897.5
2921.8	2922.2
2946.3	2946.9
2971.2	2971.6
2996.1	2996.4
0	0
0	0
0	0
0	0
0	0
0	0
0	0
0	0
0	0
0	0
0	0
0	0
0	0
0	0
0	0
0	0
0	0
0	0
0	0
k_vd = 0.02, k_dv = 0.01, daylength = 18
1000	1001.8
1023.7	1025.9
1047.7	1049.9
1071.8	1074
1095.9	1098
1119.9	1122.1
1144	1146.1
1168.1	1170.2
1192.1	1194.2
1216.2	1218.3
1240.3	1242.4
1264.4	1266.4
1288.5	1290.5
1312.6	1314.6
1336.7	1338.7
1360.8	1362.8
1385	1386.9
1409.2	1411
1433.3	1435.1
1457.6	1459.3
1481.8	1483.5
1505.9	1507.7
1529.9	1531.9
1554.3	1556.2
1579	1580.6
1604.1	1605.1
1629.4	1629.7
1655.2	1654.5
1656.2	1679.6
1682.2	1704.8
1708.2	1730.3
1734	1755.8
1759.3	1781.3
1784.3	1806.8
1809	1832.1
1833.6	1857.3
1858.1	1882.3
1882.6	1907.2
1907.1	1931.9
1931.5	1956.6
1955.8	1981.1
1980.1	2005.6
2004.4	2030
2028.7	2054.4
2052.9	2078.7
2077.1	2103
2101.3	2127.2
2125.5	2151.4
2149.6	2175.6
2173.7	2199.8
2197.9	2224
2222	2248.1
2246.1	2272.2
2270.2	2296.3
2294.3	2320.5
2318.4	2344.6
2342.5	2368.7
2366.5	2392.7
2390.6	2416.8
2414.7	2440.9
2438.7	2465
2462.8	2489
2486.9	2513.1
2510.9	2537.2
2535	2561.2
2559	2585.3
2583.1	2609.3
2607.2	2633.4
2631.2	2657.5
2655.3	2681.5
2679.3	2705.6
2703.4	2729.6
2727.4	2753.7
2751.5	2777.7
2775.5	2801.8
2799.6	2825.8
2823.6	2849.9
2847.7	2873.9
2871.8	2898
2895.8	2922
2919.9	2946.1
2943.9	2970.1
2968	2994.2
2992.1	0
0	0
0	0
0	0
0	0
0	0
0	0
0	0
0	0
0	0
0	0
0	0
0	0
0	0
0	0
0	0
0	0
k_vd = 0.02, k_dv = 0.01, daylength = 18
1002	1002.7
1026.9	1027.4
1051.8	1052.2
1076.9	1077.1
1102	1102
1127.2	1126.9
1152.8	1152
1178.2	1177.1
1203.5	1202.3
1228.8	1227.5
1241.9	1252.8
1254	1278
1279.2	1303.2
1304.3	1328.4
1329.2	1353.6
1354.2	1378.6
1379	1403.6
1403.8	1428.6
1428.6	1453.5
1453.3	1478.3
1478.1	1503.1
1502.8	1527.9
1527.5	1552.7
1552.2	1577.4
1576.9	1602.1
1601.7	1626.9
1626.2	1651.7
1651.1	1676.5
1676.1	1701.3
1701.2	1726.2
1726.3	1751.2
1751.6	1776.3
1777.2	1801.4
1802.5	1826.6
1827.9	1851.8
1853.2	1877.1
1878.4	1902.4
1903.5	1927.6
1928.5	1952.8
1953.5	1977.9
1978.4	2002.9
2003.2	2027.9
2028	2052.8
2052.8	2077.7
2077.6	2102.6
2102.3	2127.4
2127	2152.1
2151.7	2176.9
2176.4	2201.6
2201.1	2226.3
2225.9	2251.1
2250.5	2275.9
2275.4	2300.7
2300.4	2325.6
2325.5	2350.5
2350.7	2375.5
2376.3	2400.6
2401.6	2425.7
2426.9	2450.9
2452.3	2476.2
2477.5	2501.5
2502.7	2526.7
2527.8	2551.9
2552.8	2577.1
2577.8	2602.2
2602.6	2627.2
2627.5	2652.2
2652.3	2677.1
2677	2702
2701.8	2726.8
2726.5	2751.6
2751.2	2776.3
2775.9	2801.1
2800.6	2825.8
2825.4	2850.6
2849.9	2875.3
2874.7	2900.1
2899.7	2924.9
2924.7	2949.8
2949.8	2974.8
2975	2999.8
0	0
0	0
0	0
0	0
0	0
0	0
0	0
0	0
0	0
0	0
0	0
0	0
0	0
0	0
0	0
0	0
0	0
0	0
0	0
k_vd = 0.02, k_dv = 0.01, daylength = 18
1016.1	1012.9
1040.9	1038.4
1065.6	1063.9
1090.1	1089.1
1114.7	1114.2
1139.2	1139.1
1163.6	1163.9
1188	1188.6
1212.4	1213.3
1236.7	1237.8
1261	1262.2
1285.3	1286.6
1309.5	1311
1333.8	1335.3
1358	1359.6
1382.2	1383.9
1406.4	1408.1
1430.6	1432.3
1454.7	1456.5
1478.9	1480.7
1503.1	1504.9
1527.2	1529.1
1551.4	1553.3
1575.6	1577.4
1599.7	1601.6
1623.9	1625.7
1648.1	1649.9
1672.3	1674.1
1696.5	1698.3
1720.8	1722.4
1745	1746.6
1769.3	1770.9
1793.7	1795.1
1817.9	1819.4
1841.9	1843.7
1866.5	1868.1
1891.5	1892.6
1916.8	1917.3
1942.6	1942.1
1969.6	1967.1
1995.7	1992.4
2009.9	2017.8
2021.6	2043.4
2047.1	2068.9
2072.1	2094.5
2096.9	2119.9
2121.6	2145.1
2146.2	2170.2
2170.7	2195.2
2195.2	2220
2219.6	2244.7
2244	2269.3
2268.4	2293.8
2292.7	2318.3
2317	2342.7
2341.3	2367
2365.5	2391.3
2389.8	2415.6
2414	2439.9
2438.2	2464.1
2462.4	2488.3
2486.6	2512.5
2510.7	2536.7
2534.9	2560.9
2559.1	2585.1
2583.2	2609.3
2607.4	2633.4
2631.6	2657.6
2655.7	2681.8
2679.9	2705.9
2704.1	2730.1
2728.3	2754.3
2752.5	2778.5
2776.8	2802.7
2801	2826.9
2825.3	2851.1
2849.7	2875.4
2873.9	2899.8
2897.9	2924.2
2922.6	2948.7
2947.6	2973.3
2972.9	2998.1
2998.7	0
0	0
0	0
0	0
0	0
0	0
0	0
0	0
0	0
0	0
0	0
0	0
0	0
0	0
0	0
0	0
0	0
0	0
k_vd = 0.02, k_dv = 0.01, daylength = 18
1006.7	1006.2
1032.2	1031.2
1057.5	1056.2
1082.9	1081.4
1108.2	1106.5
1133.5	1131.8
1158.6	1157
1183.7	1182.3
1208.7	1207.5
1233.7	1232.6
1258.5	1257.7
1283.4	1282.8
1308.2	1307.7
1332.9	1332.7
1357.6	1357.5
1382.3	1382.3
1407	1407.1
1431.7	1431.9
1456.4	1456.6
1481.1	1481.3
1505.9	1506
1530.4	1530.8
1555.3	1555.5
1580.3	1580.3
1605.3	1605.1
1630.5	1630
1655.7	1655
1656.1	1680.1
1681.3	1705.2
1706.7	1730.4
1732	1755.6
1757.3	1780.8
1782.5	1806.1
1807.6	1831.3
1832.6	1856.5
1857.5	1881.6
1882.4	1906.6
1907.3	1931.6
1932	1956.5
1956.8	1981.4
1981.5	2006.2
2006.2	2031
2030.9	2055.7
2055.6	2080.5
2080.3	2105.2
2105	2129.9
2129.8	2154.6
2154.3	2179.4
2179.1	2204.2
2204.1	2229
2229.2	2253.9
2254.3	2278.9
2279.5	2303.9
2305.1	2329
2330.5	2354.2
2355.8	2379.4
2381.1	2404.7
2406.3	2429.9
2431.4	2455.1
2456.4	2480.3
2481.4	2505.4
2506.3	2530.5
2531.1	2555.5
2555.9	2580.4
2580.7	2605.3
2605.4	2630.1
2630.1	2654.9
2654.8	2679.6
2679.5	2704.4
2704.2	2729.1
2728.9	2753.8
2753.6	2778.5
2778.1	2803.3
2803	2828.1
2828	2852.9
2853	2877.8
2878.1	2902.7
2903.3	2927.7
2928.9	2952.8
2954.3	2978
2979.6	0
0	0
0	0
0	0
0	0
0	0
0	0
0	0
0	0
0	0
0	0
0	0
0	0
0	0
0	0
0	0
0	0
0	0
0	0
0	0
k_vd = 0.02, k_dv = 0.01, daylength = 18
1003.8	1003.4
1028.9	1028.2
1054	1053.1
1079.3	1078.1
1104.9	1103.1
1130.2	1128.2
1155.6	1153.4
1180.9	1178.6
1193.9	1203.8
1206.1	1229.1
1231.3	1254.3
1256.3	1279.5
1281.3	1304.7
1306.2	1329.8
1331.1	1354.8
1355.9	1379.8
1380.6	1404.7
1405.4	1429.5
1430.1	1454.4
1454.9	1479.2
1479.6	1503.9
1504.3	1528.7
1529.1	1553.5
1553.9	1578.2
1578.4	1603
1603.3	1627.8
1628.4	1652.7
1653.5	1677.6
1678.7	1702.6
1704.3	1727.7
1729.6	1752.8
1754.9	1778
1780.3	1803.2
1805.5	1828.5
1830.7	1853.7
1855.8	1879
1880.8	1904.1
1905.8	1929.3
1930.7	1954.3
1955.5	1979.3
1980.3	2004.3
2005	2029.1
2029.8	2054
2054.5	2078.8
2079.2	2103.6
2104	2128.3
2128.7	2153.1
2153.5	2177.9
2178	2202.6
2202.9	2227.4
2227.9	2252.3
2252.9	2277.2
2278.1	2302.1
2303.3	2327.2
2329	2352.3
2354.3	2377.4
2379.6	2402.7
2405	2427.9
2430.2	2453.2
2455.3	2478.4
2480.4	2503.6
2505.3	2528.7
2530.3	2553.8
2555.1	2578.9
2579.9	2603.8
2604.7	2628.7
2629.4	2653.6
2654.2	2678.4
2678.9	2703.2
2703.6	2728
2728.4	2752.8
2753.1	2777.5
2777.9	2802.3
2802.5	2827.1
2827.4	2851.9
2852.4	2876.8
2877.5	2901.7
2902.7	2926.7
2928.3	2951.7
2953.7	2976.9
2979	0
0	0
0	0
0	0
0	0
0	0
0	0
0	0
0	0
0	0
0	0
0	0
0	0
0	0
0	0
0	0
0	0
0	0
0	0
0	0
k_vd = 0.02, k_dv = 0.01, daylength = 18
1000	1000
1021.2	1024
1045.2	1048
1069.2	1072
1093.2	1096
1117.2	1120
1141.2	1144
1165.2	1168
1189.2	1192
1213.2	1216
1237.2	1240
1261.2	1264
1285.3	1288
1309.3	1312
1333.3	1336
1357.3	1360
1381.3	1384
1405.3	1408
1429.3	1432
1453.3	1456
1477.3	1480
1501.3	1504
1525.3	1528
1549.3	1552
1573.3	1576
1597.3	1600
1621.3	1624
1645.3	1648
1669.3	1672
1693.3	1696
1717.3	1720
1741.3	1744
1765.3	1768
1789.3	1792
1813.3	1816
1837.3	1840
1861.3	1864
1885.3	1888
1909.3	1912
1933.3	1936
1957.3	1960
1981.3	1984
2005.3	2008
2029.3	2032
2053.3	2056
2077.3	2080
2101.3	2104
2125.3	2128
2149.3	2152
2173.3	2176
2197.3	2200
2221.3	2224
2245.3	2248
2269.3	2272
2293.3	2296
2317.3	2320
2341.3	2344
2365.3	2368
2389.3	2392
2413.3	2416
2437.3	2440
2461.3	2464
2485.3	2488
2509.3	2512
2533.3	2536
2557.3	2560
2581.3	2584
2605.3	2608
2629.3	2632
2653.3	2656
2677.3	2680
2701.3	2704
2725.3	2728
2749.3	2752
2773.3	2776
2797.3	2800
2821.3	2824
2845.3	2848
2869.3	2872
2893.3	2896
2917.3	2920
2941.3	2944
2965.3	2968
2989.3	2992
0	0
0	0
0	0
0	0
0	0
0	0
0	0
0	0
0	0
0	0
0	0
0	0
0	0
0	0
0	0
0	0
k_vd = 0.02, k_dv = 0.01, daylength = 18
1000	1017.7
1018.5	1042.7
1043	1067.7
1067.5	1092.4
1091.9	1117.1
1116.3	1141.7
1140.7	1166.2
1165	1190.6
1189.3	1215
1213.5	1239.4
1237.8	1263.7
1262	1288
1286.2	1312.2
1310.4	1336.5
1334.6	1360.7
1358.8	1384.9
1383	1409.1
1407.2	1433.3
1431.3	1457.5
1455.5	1481.7
1479.7	1505.8
1503.9	1530
1528.1	1554.2
1552.3	1578.4
1576.5	1602.6
1600.8	1626.8
1625.1	1651
1649.4	1675.3
1673.8	1699.6
1697.9	1724
1722	1748.4
1746.8	1773
1771.9	1797.7
1797.5	1822.6
1823.5	1847.7
1824.5	1873.1
1850.6	1898.6
1876.8	1924.2
1902.6	1949.8
1927.8	1975.3
1952.7	2000.7
1977.4	2025.9
2002	2050.9
2026.6	2075.8
2051.1	2100.6
2075.6	2125.2
2100	2149.8
2124.4	2174.3
2148.7	2198.7
2173	2223.1
2197.3	2247.5
2221.6	2271.8
2245.8	2296
2270	2320.3
2294.3	2344.5
2318.5	2368.8
2342.6	2393
2366.8	2417.2
2391	2441.3
2415.2	2465.5
2439.4	2489.7
2463.5	2513.9
2487.7	2538.1
2511.9	2562.2
2536.1	2586.4
2560.3	2610.6
2584.6	2634.8
2608.8	2659.1
2633.1	2683.4
2657.5	2707.7
2681.9	2732
2705.9	2756.5
2730.1	2781.1
2755	2805.8
2780.2	2830.8
2805.9	2856
2832.9	2881.4
2859.1	2907
2873.9	2932.6
2885.2	2958.2
2910.9	2983.7
2936	0
2960.9	0
2985.6	0
0	0
0	0
0	0
0	0
0	0
0	0
0	0
0	0
0	0
0	0
0	0
0	0
0	0
0	0
0	0
0	0
k_vd = 0.02, k_dv = 0.01, daylength = 18
1000	1000.1
1021.1	1024.1
1045.1	1048.1
1069.1	1072.1
1093.1	1096.1
1117.1	1120.1
1141.1	1144.1
1165.1	1168.1
1189.1	1192.1
1213.1	1216.1
1237.1	1240.1
1261.1	1264.1
1285.1	1288.1
1309.1	1312.1
1333.1	1336.1
1357.1	1360.1
1381.1	1384.1
1405.1	1408.1
1429.1	1432.2
1453.1	1456.2
1477.1	1480.2
1501.1	1504.2
1525.1	1528.2
1549.1	1552.2
1573.1	1576.2
1597.1	1600.2
1621.1	1624.2
1645.1	1648.2
1669.1	1672.2
1693.1	1696.2
1717.1	1720.2
1741.1	1744.2
1765.1	1768.2
1789.1	1792.2
1813.1	1816.2
1837.1	1840.2
1861.1	1864.2
1885.1	1888.2
1909.1	1912.2
1933.1	1936.2
1957.1	1960.2
1981.1	1984.2
2005.1	2008.2
2029.1	2032.2
2053.1	2056.2
2077.1	2080.2
2101.1	2104.2
2125.1	2128.2
2149.1	2152.2
2173.1	2176.2
2197.1	2200.2
2221.1	2224.2
2245.1	2248.2
2269.1	2272.2
2293.1	2296.2
2317.1	2320.2
2341.1	2344.2
2365.1	2368.2
2389.1	2392.2
2413.1	2416.2
2437.1	2440.2
2461.1	2464.2
2485.1	2488.2
2509.1	2512.2
2533.1	2536.2
2557.1	2560.2
2581.1	2584.2
2605.1	2608.2
2629.1	2632.2
2653.1	2656.2
2677.1	2680.2
2701.1	2704.2
2725.1	2728.2
2749.1	2752.2
2773.1	2776.2
2797.1	2800.2
2821.1	2824.2
2845.1	2848.2
2869.1	2872.2
2893.1	2896.2
2917.1	2920.2
2941.1	2944.2
2965.1	2968.2
2989.1	2992.2
0	0
0	0
0	0
0	0
0	0
0	0
0	0
0	0
0	0
0	0
0	0
0	0
0	0
0	0
0	0
0	0
k_vd = 0.02, k_dv = 0.01, daylength = 18
1000	1000
1021.1	1023.3
1045.1	1047.3
1069.1	1071.3
1093.1	1095.3
1117.1	1119.3
1141.1	1143.3
1165.1	1167.3
1189.1	1191.3
1213.1	1215.3
1237.1	1239.3
1261.1	1263.3
1285.1	1287.3
1309.1	1311.3
1333.1	1335.4
1357.1	1359.4
1381.1	1383.4
1405.1	1407.4
1429.1	1431.4
1453.1	1455.4
1477.1	1479.4
1501.1	1503.4
1525.1	1527.4
1549.1	1551.4
1573.1	1575.4
1597.1	1599.4
1621.2	1623.4
1645.2	1647.4
1669.2	1671.4
1693.2	1695.4
1717.2	1719.4
1741.2	1743.4
1765.2	1767.4
1789.2	1791.4
1813.2	1815.4
1837.2	1839.4
1861.2	1863.4
1885.2	1887.4
1909.2	1911.4
1933.2	1935.4
1957.2	1959.4
1981.2	1983.4
2005.2	2007.4
2029.2	2031.4
2053.2	2055.4
2077.2	2079.4
2101.2	2103.4
2125.2	2127.4
2149.2	2151.4
2173.2	2175.4
2197.2	2199.4
2221.2	2223.4
2245.2	2247.4
2269.2	2271.4
2293.2	2295.4
2317.2	2319.4
2341.2	2343.4
2365.2	2367.4
2389.2	2391.4
2413.2	2415.4
2437.2	2439.4
2461.2	2463.4
2485.2	2487.4
2509.2	2511.4
2533.2	2535.4
2557.2	2559.4
2581.2	2583.4
2605.2	2607.4
2629.2	2631.4
2653.2	2655.4
2677.2	2679.4
2701.2	2703.4
2725.2	2727.4
2749.2	2751.4
2773.2	2775.4
2797.2	2799.4
2821.2	2823.4
2845.2	2847.4
2869.2	2871.4
2893.2	2895.4
2917.2	2919.4
2941.2	2943.4
2965.2	2967.4
2989.2	2991.4
0	0
0	0
0	0
0	0
0	0
0	0
0	0
0	0
0	0
0	0
0	0
0	0
0	0
0	0
0	0
0	0
k_vd = 0.02, k_dv = 0.01, daylength = 18
1000	1000.8
1024.2	1025.2
1048.7	1049.7
1073.2	1074.2
1097.8	1098.6
1121.9	1123.1
1146.6	1147.7
1171.5	1172.3
1196.7	1197
1222	1221.8
1247.7	1246.8
1248.3	1271.9
1274	1297.2
1299.8	1322.6
1325.4	1348
1350.8	1373.5
1376	1398.9
1401	1424.3
1425.8	1449.5
1450.5	1474.6
1475.2	1499.5
1499.8	1524.4
1524.4	1549.2
1548.9	1573.9
1573.4	1598.5
1597.9	1623.1
1622.3	1647.7
1646.8	1672.2
1671.2	1696.6
1695.6	1721.1
1720.1	1745.6
1744.5	1770
1769	1794.5
1793.6	1819
1817.9	1843.5
1842.3	1868.1
1867.2	1892.8
1892.3	1917.6
1917.6	1942.5
1943.1	1967.5
1969.5	1992.7
1995.2	2018.1
2020.9	2043.6
2046.4	2069
2071.7	2094.5
2096.7	2119.9
2121.5	2145.1
2146.3	2170.2
2171	2195.2
2195.6	2220.2
2220.2	2245
2244.7	2269.7
2269.2	2294.3
2293.7	2318.9
2318.2	2343.5
2342.6	2368
2367.1	2392.5
2391.5	2417
2415.9	2441.4
2440.4	2465.9
2464.9	2490.3
2489.4	2514.8
2513.9	2539.3
2538.1	2563.9
2562.9	2588.6
2587.9	2613.3
2613.1	2638.2
2638.6	2663.2
2664.9	2688.3
2690.7	2713.7
2716.4	2739.1
2729.9	2764.6
2742	2790
2767.3	2815.4
2792.4	2840.7
2817.3	2865.9
2842.1	2890.9
2866.8	2915.9
2891.4	2940.7
2916	2965.5
2940.6	2990.1
2965.1	0
2989.6	0
0	0
0	0
0	0
0	0
0	0
0	0
0	0
0	0
0	0
0	0
0	0
0	0
0	0
0	0
0	0
0	0
0	0
k_vd = 0.02, k_dv = 0.01, daylength = 18
1011.3	1009.8
1036.7	1035.1
1049.9	1060.5
1062.1	1085.8
1087.3	1111.1
1112.4	1136.4
1137.4	1161.6
1162.4	1186.7
1187.3	1211.8
1212.2	1236.8
1237	1261.7
1261.8	1286.6
1286.6	1311.5
1311.4	1336.3
1336.2	1361.2
1361	1386
1385.8	1410.8
1410.5	1435.7
1435.5	1460.6
1460.6	1485.5
1485.8	1510.5
1511.1	1535.6
1536.8	1560.8
1562.2	1586
1587.6	1611.3
1613	1636.7
1638.3	1662
1663.5	1687.3
1688.6	1712.6
1713.6	1737.8
1738.6	1762.9
1763.5	1787.9
1788.3	1812.9
1813.2	1837.9
1838	1862.8
1862.7	1887.6
1887.5	1912.5
1912.3	1937.3
1937.1	1962.1
1961.9	1986.9
1986.6	2011.8
2011.6	2036.7
2036.7	2061.7
2062	2086.7
2087.3	2111.8
2113	2137
2138.4	2162.2
2163.8	2187.6
2189.2	2212.9
2214.5	2238.2
2239.7	2263.5
2264.8	2288.8
2289.8	2313.9
2314.7	2339.1
2339.6	2364.1
2364.5	2389.1
2389.3	2414
2414.1	2438.9
2438.9	2463.8
2463.7	2488.6
2488.5	2513.4
2513.3	2538.3
2537.9	2563.1
2562.8	2588
2587.8	2612.9
2612.9	2637.8
2638.2	2662.9
2663.5	2688
2689.2	2713.2
2714.6	2738.5
2740	2763.8
2765.4	2789.1
2790.7	2814.4
2815.9	2839.7
2840.9	2865
2865.9	2890.1
2890.9	2915.2
2915.8	2940.3
2940.6	2965.3
2965.4	2990.2
2990.2	0
0	0
0	0
0	0
0	0
0	0
0	0
0	0
0	0
0	0
0	0
0	0
0	0
0	0
0	0
0	0
0	0
0	0
0	0
0	0
k_vd = 0.02, k_dv = 0.01, daylength = 18
1007.6	1006.9
1033.3	1032
1058.8	1057.3
1084.3	1082.6
1109.7	1107.9
1135	1133.3
1160.1	1158.6
1185.2	1183.9
1210.2	1209.2
1235.2	1234.4
1260.1	1259.5
1284.9	1284.6
1309.7	1309.5
1334.5	1334.5
1359.3	1359.4
1384.1	1384.3
1409	1409.1
1433.8	1434
1458.5	1458.8
1483.5	1483.7
1508.6	1508.6
1533.9	1533.6
1559.2	1558.6
1585	1583.7
1610.4	1609
1635.9	1634.2
1661.3	1659.6
1686.6	1684.9
1711.9	1710.3
1737	1735.6
1762	1760.9
1787	1786.1
1811.9	1811.2
1836.7	1836.3
1861.5	1861.3
1886.3	1886.3
1911.1	1911.2
1935.9	1936.1
1960.8	1960.9
1985.6	1985.8
2010.2	2010.6
2035.2	2035.5
2060.4	2060.4
2085.6	2085.3
2110.9	2110.4
2136.6	2135.5
2162.1	2160.7
2187.6	2185.9
2213	2211.2
2238.3	2236.6
2263.6	2262
2288.7	2287.3
2313.8	2312.6
2338.7	2337.8
2363.6	2363
2388.5	2388
2413.3	2413.1
2438.2	2438
2463	2463
2487.8	2487.8
2512.6	2512.7
2537.4	2537.6
2562	2562.4
2587	2587.3
2612.1	2612.2
2637.3	2637.1
2662.6	2662.1
2688.3	2687.2
2713.7	2712.4
2739.2	2737.6
2764.7	2762.9
2777.9	2788.3
2790	2813.6
2815.3	2839
2840.4	2864.3
2865.5	2889.5
2890.5	2914.7
2915.4	2939.8
2940.3	2964.8
2965.1	2989.8
2990	0
0	0
0	0
0	0
0	0
0	0
0	0
0	0
0	0
0	0
0	0
0	0
0	0
0	0
0	0
0	0
0	0
0	0
0	0
0	0
k_vd = 0.02, k_dv = 0.01, daylength = 18
1000	1000
1020.8	1022
1045.2	1046.6
1069.6	1071.1
1094	1095.6
1118.4	1120
1142.7	1144.4
1167	1168.8
1191.4	1193.2
1215.7	1217.5
1240	1241.9
1264.4	1266.2
1288.7	1290.6
1313.1	1314.9
1337.6	1339.3
1361.9	1363.7
1386.1	1388.1
1410.8	1412.6
1435.6	1437.2
1460.7	1461.8
1486	1486.6
1511.5	1511.5
1512.2	1536.6
1537.8	1561.9
1563.5	1587.3
1589.1	1612.8
1614.5	1638.3
1639.7	1663.7
1664.7	1689
1689.6	1714.2
1714.3	1739.2
1739	1764.1
1763.6	1788.9
1788.1	1813.6
1812.6	1838.3
1837	1862.8
1861.4	1887.3
1885.8	1911.8
1910.2	1936.2
1934.5	1960.6
1958.9	1985
1983.2	2009.4
2007.5	2033.7
2031.9	2058.1
2056.2	2082.4
2080.6	2106.7
2104.9	2131.1
2129.3	2155.5
2153.8	2179.9
2177.9	2204.3
2202.4	2228.9
2227.2	2253.5
2252.1	2278.2
2277.3	2303
2302.7	2328
2328.9	2353.2
2354.6	2378.6
2380.3	2404
2393.9	2429.5
2405.8	2455
2431.1	2480.3
2456.2	2505.6
2481.1	2530.7
2505.9	2555.6
2530.6	2580.5
2555.3	2605.3
2579.8	2629.9
2604.3	2654.5
2628.8	2679.1
2653.2	2703.6
2677.6	2728
2702	2752.4
2726.3	2776.8
2750.7	2801.2
2775	2825.5
2799.3	2849.9
2823.7	2874.2
2848	2898.6
2872.4	2922.9
2896.7	2947.3
2921.1	2971.7
2945.6	2996.1
2969.9	0
2994	0
0	0
0	0
0	0
0	0
0	0
0	0
0	0
0	0
0	0
0	0
0	0
0	0
0	0
0	0
0	0
0	0
k_vd = 0.02, k_dv = 0.01, daylength = 18
1011.8	1008.3
1025.9	1033.8
1037.8	1059.4
1063.3	1085
1088.4	1110.6
1113.2	1136
1137.8	1161.3
1162.4	1186.4
1186.9	1211.4
1211.4	1236.2
1235.8	1260.9
1260.2	1285.5
1284.6	1310
1308.9	1334.5
1333.2	1358.8
1357.4	1383.2
1381.6	1407.5
1405.9	1431.8
1430.1	1456
1454.3	1480.3
1478.4	1504.5
1502.6	1528.7
1526.8	1552.8
1550.9	1577
1575.1	1601.2
1599.2	1625.3
1623.4	1649.5
1647.5	1673.6
1671.7	1697.8
1695.8	1721.9
1720	1746.1
1744.2	1770.2
1768.4	1794.4
1792.6	1818.6
1816.8	1842.8
1841	1867
1865.3	1891.2
1889.7	1915.5
1913.9	1939.8
1937.9	1964.2
1962.5	1988.7
1987.4	2013.3
2012.7	2038.1
2038.5	2063.1
2065.7	2088.4
2091.9	2113.9
2105.9	2139.5
2117.9	2165.1
2143.4	2190.7
2168.4	2216.1
2193.2	2241.4
2217.8	2266.5
2242.4	2291.4
2266.9	2316.2
2291.4	2340.9
2315.8	2365.5
2340.2	2390
2364.6	2414.5
2388.9	2438.9
2413.2	2463.2
2437.4	2487.5
2461.7	2511.8
2485.9	2536
2510.1	2560.3
2534.3	2584.5
2558.4	2608.7
2582.6	2632.9
2606.8	2657
2630.9	2681.2
2655.1	2705.3
2679.2	2729.5
2703.4	2753.6
2727.5	2777.8
2751.7	2801.9
2775.8	2826.1
2800	2850.3
2824.2	2874.4
2848.4	2898.6
2872.6	2922.8
2896.8	2947
2921.1	2971.2
2945.4	2995.5
2969.7	0
2993.9	0
0	0
0	0
0	0
0	0
0	0
0	0
0	0
0	0
0	0
0	0
0	0
0	0
0	0
0	0
0	0
0	0
k_vd = 0.02, k_dv = 0.01, daylength = 18
1000	1015.7
1017.4	1041
1042	1066.2
1066.6	1091.3
1091.2	1116.2
1115.6	1140.9
1140.1	1165.6
1164.4	1190.1
1188.8	1214.6
1213.1	1239.1
1237.4	1263.5
1261.7	1287.8
1285.9	1312.1
1310.1	1336.4
1334.3	1360.7
1358.5	1384.9
1382.7	1409.1
1406.9	1433.3
1431.1	1457.5
1455.3	1481.7
1479.5	1505.9
1503.7	1530.1
1527.9	1554.3
1552.1	1578.5
1576.3	1602.7
1600.6	1626.9
1624.9	1651.2
1649.2	1675.4
1673.6	1699.7
1697.9	1724.1
1721.9	1748.5
1746.5	1773
1771.5	1797.7
1796.9	1822.6
1822.8	1847.7
1850	1873.1
1876.2	1898.7
1902.1	1924.3
1927.5	1950
1952.5	1975.5
1977.3	2000.9
2002	2026.1
2026.6	2051.2
2051.1	2076.1
2075.6	2100.9
2100	2125.5
2124.4	2150.1
2148.8	2174.6
2173.1	2199
2197.4	2223.4
2221.6	2247.8
2245.9	2272.1
2270.1	2296.4
2294.3	2320.6
2318.5	2344.9
2342.7	2369.1
2366.9	2393.3
2391.1	2417.5
2415.3	2441.7
2439.5	2465.9
2463.7	2490.1
2487.9	2514.3
2512.1	2538.5
2536.3	2562.7
2560.6	2586.9
2584.8	2611.1
2609.2	2635.4
2633.5	2659.7
2657.9	2684
2681.9	2708.5
2706.4	2733
2731.4	2757.6
2756.8	2782.5
2782.6	2807.6
2809.8	2833
2836	2858.5
2862	2884.2
2887.4	2909.8
2912.5	2935.4
2937.3	2960.8
2961.9	2986
2986.5	0
0	0
0	0
0	0
0	0
0	0
0	0
0	0
0	0
0	0
0	0
0	0
0	0
0	0
0	0
0	0
0	0
0	0
0	0
k_vd = 0.02, k_dv = 0.01, daylength = 18
1000	1000
1022.3	1023.1
1046.8	1047.6
1071.2	1072.1
1095.6	1096.5
1120	1121
1144.4	1145.4
1168.9	1169.8
1193.4	1194.3
1217.9	1218.7
1242	1243.2
1266.8	1267.8
1291.7	1292.4
1316.8	1317
1342.2	1341.9
1367.8	1366.8
1368.4	1391.9
1394	1417.1
1419.7	1442.5
1445.3	1467.9
1470.7	1493.4
1495.8	1518.8
1520.8	1544.1
1545.6	1569.3
1570.3	1594.3
1595	1619.3
1619.6	1644.1
1644.2	1668.9
1668.7	1693.6
1693.2	1718.2
1717.6	1742.8
1742.1	1767.3
1766.5	1791.8
1790.9	1816.3
1815.3	1840.7
1839.7	1865.1
1864.2	1889.6
1888.6	1914
1913.1	1938.4
1937.6	1962.9
1961.9	1987.4
1986.3	2012
2011.1	2036.6
2036.1	2061.3
2061.3	2086.2
2086.8	2111.2
2113	2136.3
2138.7	2161.6
2164.4	2187
2177.9	2212.5
2189.9	2237.9
2215.2	2263.3
2240.2	2288.5
2265.1	2313.7
2289.9	2338.7
2314.6	2363.6
2339.2	2388.4
2363.8	2413.2
2388.4	2437.8
2412.9	2462.4
2437.4	2487
2461.8	2511.5
2486.2	2536
2510.7	2560.4
2535.1	2584.9
2559.5	2609.3
2583.9	2633.7
2608.3	2658.2
2632.8	2682.6
2657.3	2707.1
2681.8	2731.6
2705.9	2756.2
2730.6	2780.9
2755.5	2805.6
2780.6	2830.5
2805.8	2855.6
2831.4	2880.8
2832	2906.2
2857.6	2931.6
2883.3	2957
2909	2982.4
2934.4	0
2959.6	0
2984.6	0
0	0
0	0
0	0
0	0
0	0
0	0
0	0
0	0
0	0
0	0
0	0
0	0
0	0
0	0
0	0
0	0
k_vd = 0.02, k_dv = 0.01, daylength = 18
1000	1000.5
1021.5	1024.5
1045.5	1048.5
1069.5	1072.5
1093.5	1096.5
1117.5	1120.5
1141.5	1144.5
1165.5	1168.5
1189.5	1192.5
1213.5	1216.5
1237.5	1240.6
1261.5	1264.6
1285.5	1288.6
1309.5	1312.6
1333.5	1336.6
1357.5	1360.6
1381.5	1384.6
1405.5	1408.6
1429.5	1432.6
1453.5	1456.6
1477.5	1480.6
1501.5	1504.6
1525.5	1528.6
1549.5	1552.6
1573.5	1576.6
1597.5	1600.6
1621.5	1624.6
1645.5	1648.6
1669.5	1672.6
1693.5	1696.6
1717.5	1720.6
1741.5	1744.6
1765.5	1768.6
1789.5	1792.6
1813.5	1816.6
1837.5	1840.6
1861.5	1864.6
1885.5	1888.6
1909.5	1912.6
1933.5	1936.6
1957.5	1960.6
1981.5	1984.6
2005.5	2008.6
2029.5	2032.6
2053.5	2056.6
2077.5	2080.6
2101.5	2104.6
2125.5	2128.6
2149.5	2152.6
2173.5	2176.6
2197.5	2200.6
2221.5	2224.6
2245.5	2248.6
2269.5	2272.6
2293.5	2296.6
2317.5	2320.6
2341.5	2344.6
2365.5	2368.6
2389.5	2392.6
2413.5	2416.6
2437.5	2440.6
2461.5	2464.6
2485.5	2488.6
2509.5	2512.6
2533.5	2536.6
2557.5	2560.6
2581.5	2584.6
2605.5	2608.6
2629.5	2632.6
2653.5	2656.6
2677.5	2680.6
2701.5	2704.6
2725.5	2728.6
2749.5	2752.6
2773.5	2776.6
2797.5	2800.6
2821.5	2824.6
2845.5	2848.6
2869.5	2872.6
2893.5	2896.6
2917.5	2920.6
2941.5	2944.6
2965.5	2968.6
2989.5	2992.6
0	0
0	0
0	0
0	0
0	0
0	0
0	0
0	0
0	0
0	0
0	0
0	0
0	0
0	0
0	0
0	0
k_vd = 0.02, k_dv = 0.01, daylength = 18
1000	1000.1
1021.2	1024.1
1045.2	1048.1
1069.2	1072.1
1093.2	1096.1
1117.2	1120.1
1141.2	1144.1
1165.2	1168.1
1189.2	1192.1
1213.2	1216.1
1237.2	1240.1
1261.2	1264.1
1285.2	1288.1
1309.2	1312.1
1333.2	1336.1
1357.2	1360.1
1381.2	1384.1
1405.2	1408.1
1429.2	1432.1
1453.2	1456.1
1477.2	1480.1
1501.2	1504.1
1525.2	1528.1
1549.2	1552.1
1573.2	1576.1
1597.2	1600.1
1621.2	1624.1
1645.2	1648.1
1669.2	1672.1
1693.2	1696.1
1717.2	1720.1
1741.2	1744.1
1765.2	1768.1
1789.2	1792.1
1813.2	1816.1
1837.2	1840.1
1861.2	1864.1
1885.2	1888.1
1909.2	1912.1
1933.2	1936.1
1957.2	1960.1
1981.2	1984.1
2005.2	2008.1
2029.2	2032.1
2053.2	2056.1
2077.2	2080.1
2101.2	2104.1
2125.2	2128.1
2149.2	2152.1
2173.2	2176.1
2197.2	2200.1
2221.2	2224.1
2245.2	2248.1
2269.2	2272.1
2293.2	2296.1
2317.2	2320.1
2341.2	2344.1
2365.2	2368.1
2389.2	2392.1
2413.2	2416.1
2437.2	2440.1
2461.2	2464.1
2485.2	2488.1
2509.2	2512.1
2533.2	2536.1
2557.2	2560.1
2581.2	2584.1
2605.2	2608.1
2629.2	2632.1
2653.2	2656.1
2677.2	2680.1
2701.2	2704.1
2725.2	2728.1
2749.2	2752.1
2773.2	2776.1
2797.2	2800.1
2821.2	2824.1
2845.2	2848.1
2869.2	2872.1
2893.2	2896.1
2917.2	2920.1
2941.2	2944.1
2965.2	2968.1
2989.2	2992.1
0	0
0	0
0	0
0	0
0	0
0	0
0	0
0	0
0	0
0	0
0	0
0	0
0	0
0	0
0	0
0	0
k_vd = 0.02, k_dv = 0.01, daylength = 18
1000	1000
1022.5	1023.6
1046.9	1048.1
1071.3	1072.5
1095.7	1096.9
1120.1	1121.3
1144.5	1145.8
1168.9	1170.2
1193.4	1194.6
1217.9	1219
1242	1243.5
1266.8	1268
1291.7	1292.6
1316.8	1317.3
1342.1	1342.1
1367.7	1367.1
1368.3	1392.2
1394	1417.5
1419.7	1442.9
1445.3	1468.4
1470.7	1493.9
1495.8	1519.3
1520.8	1544.6
1545.6	1569.7
1570.4	1594.8
1595	1619.7
1619.7	1644.6
1644.2	1669.3
1668.7	1694
1693.2	1718.6
1717.7	1743.1
1742.1	1767.6
1766.5	1792.1
1790.9	1816.5
1815.3	1841
1839.7	1865.4
1864.1	1889.8
1888.5	1914.2
1913	1938.6
1937.4	1963
1961.9	1987.5
1986	2012.1
2010.8	2036.7
2035.7	2061.4
2060.8	2086.2
2086.2	2111.1
2111.8	2136.2
2112.4	2161.5
2138	2187
2163.7	2212.4
2189.3	2237.9
2214.7	2263.3
2239.9	2288.6
2264.8	2313.8
2289.7	2338.8
2314.4	2363.8
2339.1	2388.6
2363.7	2413.3
2388.2	2438
2412.8	2462.6
2437.2	2487.1
2461.7	2511.6
2486.1	2536.1
2510.5	2560.5
2534.9	2585
2559.3	2609.4
2583.7	2633.8
2608.1	2658.2
2632.5	2682.6
2657	2707.1
2681.5	2731.5
2705.9	2756.1
2730.1	2780.7
2754.8	2805.4
2779.8	2830.2
2804.9	2855.2
2830.2	2880.3
2855.8	2905.6
2856.4	2931
2882.1	2956.5
2907.8	2982
2933.4	0
2958.7	0
2983.9	0
0	0
0	0
0	0
0	0
0	0
0	0
0	0
0	0
0	0
0	0
0	0
0	0
0	0
0	0
0	0
0	0
k_vd = 0.02, k_dv = 0.01, daylength = 18
1000	1000
1022.5	1023.4
1046.9	1047.9
1071.3	1072.4
1095.7	1096.8
1120.1	1121.2
1144.6	1145.6
1169	1170.1
1193.6	1194.5
1217.9	1219
1242.2	1243.5
1267	1268
1292	1292.6
1317.2	1317.4
1342.6	1342.2
1368.8	1367.2
1394.5	1392.3
1420.2	1417.7
1433.9	1443.1
1445.8	1468.6
1471.1	1494
1496.2	1519.4
1521.1	1544.7
1545.9	1569.8
1570.6	1594.8
1595.2	1619.8
1619.8	1644.6
1644.4	1669.3
1668.9	1694
1693.4	1718.6
1717.8	1743.1
1742.3	1767.6
1766.7	1792.1
1791.1	1816.5
1815.5	1841
1839.9	1865.4
1864.3	1889.8
1888.8	1914.2
1913.2	1938.7
1937.8	1963.1
1961.9	1987.7
1986.5	2012.2
2011.4	2036.9
2036.4	2061.7
2061.7	2086.6
2087.2	2111.6
2113.4	2136.8
2139.1	2162.2
2164.8	2187.6
2190.3	2213.1
2215.5	2238.5
2240.5	2263.9
2265.4	2289.1
2290.2	2314.2
2314.9	2339.2
2339.5	2364.1
2364.1	2388.9
2388.6	2413.6
2413.1	2438.2
2437.5	2462.8
2462	2487.3
2486.4	2511.8
2510.8	2536.3
2535.2	2560.7
2559.6	2585.1
2584	2609.5
2608.5	2634
2632.9	2658.4
2657.4	2682.8
2681.9	2707.3
2706	2731.9
2730.8	2756.5
2755.7	2781.2
2780.9	2806
2806.2	2830.9
2831.8	2856
2832.4	2881.3
2858.1	2906.7
2883.8	2932.2
2909.4	2957.7
2934.8	2983.1
2959.9	0
2984.9	0
0	0
0	0
0	0
0	0
0	0
0	0
0	0
0	0
0	0
0	0
0	0
0	0
0	0
0	0
0	0
0	0
0	0
